东方艺术中心 , 浦东新区丁香路425号 , 东方艺术中心宛如一朵白色的莲花，盛开在葱茏的绿树之间，与上海大剧院遥相呼应，构架起一座属于上海的艺术桥梁。从高处俯瞰，五个半球体依次为：正厅入口、东方演奏厅、东方音乐厅、展览厅、东方歌剧院。它们犹如五片绽放的花瓣，组成了一朵硕大美丽的“蝴蝶兰”。建筑顶部安装了融入高科技的880多盏嵌入式顶灯，当美妙的旋律在音乐厅奏响时，灯光会随旋律起伏变幻，将夜色中的东方艺术中心变得璀璨奇异、充满动感。,,,
凯迪拉克・上海音乐厅 , 黄浦区延安东路523号 , 上海音乐厅建于1930年，原名南京大戏院，于当年3月26日开幕，是上海第一座由华人建筑设计师设计的具西欧古典风格的建筑，属国家近代优秀建筑文物保护单位。休息大厅十六根合抱的赭色大理石圆柱气度不凡，观众厅的构图简洁规范，复杂又不显零乱，富有层次变化，色彩庄重淡雅，与其演绎的古典音乐有着惊人的统一。1959年后的数十年中，一直是上海音乐活动的中心之一，历届上海之春音乐节、国际广播音乐节都以此为中心场所...,,,
上海大剧院 , 黄浦区人民大道300号 , 上海大剧院座落于上海市人民广场，由法国夏邦杰建筑设计公司设计，整个建筑宛如音符串织而成的水晶宫殿。总建筑面积70000平方米，总高度40米，内设大、中、小三个剧场（观众席分别为1800席、600席和300席）。大剧院的外观由透明的水平墙面，有韵律的垂直线条，有乐感的弯曲面屋顶来体现，以水、玻璃、光线，通过透明、流畅的线条，朴实有力的造型，多功能形体和技术空间的组合来突出都市理想，贯彻其设计构思。剧...,,,
美琪大戏院 , 静安区江宁路66号（近南京西路） , 美琪大戏院地处繁荣的南京路江宁路口，美琪大戏院是上海市近代优秀建筑，它典雅、独特的风格，融合现代与古典建筑美之精华，入口处圆形巨塔，气势磅礴，大型水晶吊灯灿烂缤纷，大、小两座灯光喷泉流光溢彩，青铜艺术雕塑造型典雅，观众休息大厅视觉富丽庄重，宏伟壮观，观众厅座位总数1328座。,,,
上海交响乐团音乐厅 , 徐汇区复兴中路1380号(近宝庆路) , 上海交响乐团音乐厅位于复兴中路1380号，建筑面积为19950平方米，由1200座演奏厅和400座的室内乐演奏厅组成。上海交响乐团音乐厅由世界级大师矶崎新和丰田泰久领衔设，是国内第一个建在弹簧上的“全浮建筑。上海交响乐团音乐厅运用最先进的多媒体技术，大厅内10个反声板可以同时投影画面，与世界各地任何场地进行双向传输同步演出。室内乐演奏厅同时兼具3D录音棚功能，弥补上海没有大型专业交响乐队录音棚的空...,,,
小伙伴剧场 , 上海市延安西路64号中福会少年宫新大楼4楼 , 上海小伙伴剧场位于中国福利会少年宫综合活动楼4-5层，建筑面积396平方米，舞台高度为9.84米，台口宽11米，舞台深9.230米。剧场楼上楼下可同时容纳326名小观众。剧场具备专业的舞台、灯光，一流的音响设备与雅致的内饰装潢。作为少儿文化交流的平台，小伙伴剧场周周推出少年儿童喜闻乐见的亲子专场演出。同时，剧场还提供最新、最好的少儿电影、动画片、儿童剧、杂技等，让小朋友们大饱眼福。作为少年宫少儿文...,,,
人民大舞台 , 黄浦区九江路663号上海亚洲大厦三至六层 , 上海人民大舞台剧场位于上海市九江路663号上海亚洲大厦三至六层，为秉承大舞台百年历史，使这座蕴藏深厚人文气息，名扬海内外的剧场重新焕发新的光彩，发展商全方位精心策划，力求打造出一个全新独特、完美超前的大舞台。从舞台设备工艺的超前设计，可见其独具前瞻性的眼光。,,,
上海商城剧院 , 静安区南京西路1376号（上海商城内） , 上海商城剧院拥有完备的声、光设备，舞台面积153平方米；大厅能容纳991位观众，以美国百老汇的马昆斯剧院为蓝本建设的，以其齐全的设施为各种文艺形式，包括话剧，歌剧、芭蕾舞剧、交响音乐会等提供演出的场所。,,,
上海国际舞蹈中心 , 上海市长宁区虹桥路1650号(水城路地铁站) , 上海国际舞蹈中心是上海目前唯一一座专属于舞蹈的文化场所，坐落于上海中心城区长宁区虹桥路，紧挨延虹绿地。上海国际舞蹈中心拥有一个座席数1080座的大剧场和一个300座的合成排演厅（小剧场），并聚集了上海芭蕾舞团、上海歌舞团、上海戏剧学院舞蹈学院、上海舞蹈学校入驻。,,,
于2016年10月正式对民众开放。,,,,,
兰心大戏院 , 卢湾区茂名南路57号 , 兰心大剧院，建于1930年，1952年曾更名为上海艺术剧场。1991年恢复原名。解放前，兰心为英桥上海业余剧社兰心大戏院保管会，主要演出话剧并兼放电影。戏院位于宾馆林立的茂名南路，与花园饭店、锦江饭店相毗邻，环境幽雅，交通方便，是驰名中外的资深剧场。,,,
1862时尚艺术中心 , 滨江大道1777号 , ,,,
浦东新舞台 , 上海市浦东新区浦东大道143号 , 浦东新舞台是目前浦东地区唯一的一个现代化高档次多功能的大型剧场。它由候场大厅，观众厅和舞台三个部分组成。候场大厅空间宽敞，也是一个设计新颖的现代化多功能艺术展示厅，可供观众候场和观赏。观众厅面积1200平方米，由粉红色新式无声沙发软椅座524只，行距宽敞，座位舒适。与地上芝麻白大理石地面，周围天然木纹防火板墙壁互相映衬，给人以一种富丽堂皇、柔和典雅的感觉。剧场顶灯，可根据演出、电影和会务的不同需要...,,,
云峰剧院 , 静安区北京西路1700号 , 云峰剧院地处繁华的静安区，拥有1600个座位，设施齐全，交通便利。在国内的演出道具、灯光、舞美、音乐和舞台背景也与在美国演出时保持完全一致，让国内外游客在任何地方都能享受到我们高质量的演出。,,,
彩色熊猫剧场（世博源3区G层） , 上海世博源3区G层 , 上海世博源3区G层,,,
中国福利会儿童艺术剧院马兰花剧场 , 华山路643号 , ,,,
上海戏剧学院 , 上海市华山路630号 , 上海戏剧学院实验剧院位于幽静的华山路上。观众厅有池座12个，边座98个，楼座397个；戏剧学院实验剧场是学院设备最完备的演出实习基地，学生的毕业演出和重大演出都在该处进行。同时，也是上海各种大型活动和国际性文艺交流演出的主要演出场所之一。,,,
上海展览中心 , 静安区延安中路1000号 , 上海展览中心（Shanghai Exhibition Center）亦称为上海展览馆，位于上海市中心静安区延安西路。改造后的上海展览中心南部为展览区，北部为会议区，两个区域相互独立，又相互联系，形成南展北会、能分能合的功能格局。鸟瞰上海展览中心犹如一架展翅翱翔的飞机，展览中心有42个多功能展厅，100多间会议用房。,,,
上海仙乐斯演艺厅 , 上海市南京西路388号仙乐斯广场5楼近黄陂北路 , 上海仙乐斯演艺厅（上海市南京西路388号仙乐斯广场5楼近黄陂北路）,,,
国家会展中心（上海）虹馆EH , 崧泽大道333号（西虹桥商务区） , ,,,
上海新国际博览中心 , 浦东新区龙阳路2345号（近芳甸路） , 位于上海浦东中国的商业中心，方便的交通地理位置、单层无柱式为特点的展馆设施以及多种多样的现场服务，已博得世界的广泛关注。作为一个多功能的场馆，是举办各种社会、公司活动的理想场地。拥有9个无柱展厅，面积达103500平方米，室外展览面积100000平方米。,,,
中国大戏院 , 黄浦区牛庄路704号（近广西北路） , 中国大戏院建台于1930年初，原名为三星舞台，当时专演京剧，四十年代中期许多京剧名家常在此登台献艺，有梅兰芳、程砚秋、袁世海、李少春、马连良、张君秋、李万春、言慧珠等，亦是沪上京剧四大舞台之一。1944年11月春节，戏院易后主，改名中国大戏院。,,,
虹口区工人文体中心（梦境剧场） , 上海市虹口区飞虹路528号虹口区工人文体活动中心 , 在市总工会及虹口区委区府关心支持下，虹口区工人文体活动中心于2005年投入使用。活动中心东临大连路，南临飞虹路，占地15亩，总建筑面积1.3万平方米，是虹口区的标志性建筑之一。活动中心毗邻虹口区政府大楼，紧邻“北外滩”开发区和杨浦区国际贸易区之侧，地理位置优越，交通便利，人气旺盛。,,,
Modern Sky LAB 上海 , 虹口区瑞虹路188号瑞虹天地月亮湾3F , ,,,
The Mixing Room 音乐俱乐部 , 上海市浦东新区世博大道1200号(梅赛德斯-奔驰文化中心B1层) , The Mixing Room位于文化中心B1和1层。其内部格局分为上、中、下三层观众席，可容纳近600名观众。其中，位于1层的楼座总共有185个座位，座椅舒适度强，符合电影院的设计模式。B1层中间区域为VIP休息区，有8个卡座，可容纳50人左右，其环境优雅舒适，适合亲朋好友聚会。最底层大地板为300平方米。在这里，可以根据主办方的要求摆放成多种演出模式，可摆放328个座位；酒会、Party，可将...,,,
万代南梦宫文化中心（原上海浅水湾文化艺术中心 ） , 上海市普陀区宜昌路179号 , 万代南梦宫文化中心由上海牡丹传播有限公司策划建设，结合普陀区旧城改造工程，以苏州河浅水湾为圆点，在上海打造流行音乐新文化、新生活、新概念的时尚文化中心。文化中心建设有占地面积3000多平米的多功能音乐厅、小剧场、排练房、录音棚等专业演艺场所。同时辐射到音乐制作、人才培训、演出经纪、国际文化交流等整个音乐文化产业链的各个环节，是一个独创性的举措，将填补上海乃至全国音乐领域多元平台的空白，成为国内为首...,,,
上海大宁剧院 , 上海市闸北区平型关路1222号 , 上海大宁剧院，展示高雅文化艺术的舞台，荟萃各类优秀剧目的场所。总面积7363平方米，可容纳1100多名观众，配有先进、齐全的灯光音响系统、灯光回路系统、数字化会务音响系统及专业音罩等，能够满足各种剧目汇演、综艺演出、音乐会及各类大型会议的需求。,,,
新光小剧场 , 黄浦区宁波路586号 , 新光影艺苑变身“新光影艺苑小剧场”，成为白天放电影，晚上演话剧的艺苑的新模式，京沪不少民间剧社就纷纷投奔这一新剧场。新光影艺苑已有80余年历史，为了不让这一充满怀旧意味的老剧场荒废，现代人剧社与上影演员剧团决定带着他们的经典悬疑剧走进剧场，让老剧场焕发新面貌。“新光小剧场”正成为继话剧中心、大剧院小剧场之后，沪上第3个话剧演出“熟地”。“新光小剧场”拥有300多个座位，定位为“上海首家悬疑剧场”。,,,
申乐大厦 , 上海市静安区愚园路300号 , 上海市静安区愚园路300号申乐大厦,,,
上海虹桥艺术中心 , 上海市长宁区天山路888号 , 上海市长宁区天山路888号,,,
乱博士疯狂戏剧城 , 殷行路1388号R6栋L217 , ,,,
艺海剧院 , 静安区江宁路466号（康定路交汇处） , 艺海剧院是一座崭新智能化、现代化的艺术剧院，上海市委副书记龚学平亲笔为剧院题名“艺海”，寓“艺术的海洋、海纳百川”之意。艺海剧院共八层，配备上乘的舞台、灯光、音响、建声设施，具备举办一流的芭蕾、戏曲、话剧、室内音乐及综艺节演出功能。艺海剧院共分为2个剧场：艺海剧院-大剧场、艺海剧院-小剧场（先锋剧场）；艺海剧院-大剧场：座位999个，楼上278座，楼下721座；艺海剧院-小剧场（先锋剧场）共379...,,,
宝龙美术馆 , 漕宝路3055号（近新镇路） , ,,,
光影车间・静剧场 , 乌鲁木齐北路459号 , ,,,
余德耀美术馆 , 上海徐汇区丰谷路35号（近龙腾大道） , 上海余德耀美术馆坐落于徐汇滨江，是由印尼爱国华侨余德耀先生创办的私人美术馆。余德耀先生作为收藏界的领军人物，在过去的几十年间收藏了大量当代艺术作品，尤其是在装置艺术方面。秉持“收而不藏”的理念，余德耀先生致力于当代艺术作品的研究、交流与推广，力求将美术馆打造成立足中国，展现国际范的当代艺术平台，促进上海与国际间的文化艺术交流。,,,
Pulupulu主题游戏馆 , 黄浦区苗江路139号(半淞园路口) , 吸血鬼古堡风格游戏馆――Pulupulu主题游戏馆[1] ，于2013年9月起神秘亮相魔都上海浦西世博园。Pulupulu耗资数千万元，总占地面积5000平方米，由400平方古堡风格大厅、众多主题游戏场馆、亚洲非常复杂镜子迷宫、水吧、售票区等组成，形成集“互动游戏”、“真人角色体验”和“文化主题”为一体的全新实体、实景游戏场馆。欧洲中世纪吸血鬼古堡的面纱已经揭起，真人实体实景游戏，角色扮演大挑战，...,,,
张江戏剧谷 , 上海市浦东新区张江路69号（近郭守敬路、祖冲之路） , 张江动漫影剧场位于上海市浦东新区张江路69号（近郭守敬路、祖冲之路）。,,,
《Mr.X Room Break》 长宁店 Room7 , 上海市长宁区定西路825号2楼 , 商户介绍：为选拔人才、拓展训练进行心理、智力、体力测试，而设立的Mr.x ，Mrx Room Break（密室）长宁店，为企业提供培训：组织教育、娱乐竞赛、提供娱乐场所，在线游戏，游戏中有大量高科技装置，除了玩家需要足够的智慧外，还要所有参与玩家的默契配合！除了揭开谜题的趣味性，所有的装置都将令玩家惊叹！Mr.x Room Break（密室）震撼登陆，2013版本升级正式启动，经典6大主题全线更新...,,,
喜玛拉雅艺术中心大观舞台 , 芳甸路1188弄1号 喜玛拉雅艺术中心3f 大观舞台 联系方式：021-51917998-7547 , 大观舞台位于证大喜玛拉雅艺术中心三楼，坐落于上海浦东，建筑面积9996平方米，拥有1200个座位。是一个集视听、娱乐、教育、飨宴为一体的多功能展演厅，配载最先进高规格多媒体数码科技的创新舞台。由英国Theatre Project Consultants和AS Architecture Studio担纲室内和空间设计、舞台专业技术设计顾问，拥有电脑化升降吊杆和国际一流音响灯光设备，是上海浦东新区文化...,,,
雅庐书场 , 重庆南路308号黄浦区文化馆3楼 , ,,,
静安体育中心-体育馆（上海静安汶水路116号） , 汶水路116号 ，地铁一号线汶水路站旁 , 静安体育中心是一座现代化的综合体育活动馆。该中心设备齐全，设施先进。现开放的项目有羽毛球，乒乓球、健身、桌球、瑜珈等。尤其以游泳为主要活动，游泳池配有一个标准池，两个准备池还有两个观众台，是室内一流的游泳场馆。,,,
梅派大舞台 , 国顺东路800号西楼100室 , ,,,
乐图空间-上海虹桥旗舰店 , 申长路688号401室 , ,,,
浦东新区金海文化中心 , 曹路镇金群路28号 , ,,,
爱家森林剧场 , 普陀区真北路1108号红星美凯龙真北商场南馆内B1楼 , ,,,
昊美术馆 , 祖冲之路2277弄1号 , ,,,
卢湾体育馆 , 卢湾区建国西路135号 , 卢湾体育馆整幢建筑呈飞艇造型，建筑分上下两部分。强烈的实，虚，实的对比效果和协调、舒适的组合比例关系，形成体育馆独特的造型风格和时代特色。作为东方大鲨鱼队的主场，卢湾体育馆可容纳3500名观众。,,,
白玉兰剧场 , 卢湾区重庆南路308号 , 影剧院舞台按照专业水准设计，台上宽14米，台口高6.9米，台深12.5米，电脑控制自动吊杆3O道，行程13米，工作天桥离舞台面7米，舞台音响采用JBL高级音响，24路调音台，4000W功效，舞台灯光设备由电脑控制，180调光回路和4O直放回路，并备有手动调光。,,,
静安体育中心-体育馆（上海静安汶水路116号） , 汶水路116号 , 上海市静安体育馆低处市中心的南京西路、西康路口，与上海波特曼商城相邻，交通方便。体育馆占地面积2840平方米，球场面积680平方米，观众席位近3000座，馆内设有贵宾接待室、运动员（演员）休息室和东、西观众休息大厅。静安体育馆建于一九七六年十月，建馆迄今承办了许多重大的国内外体育比赛和有影响的文艺演出任务，是第五届全运会篮、排球比赛、首届东亚运动会武术比赛、第八届全运会篮球比赛的主要赛场之一。同时...,,,
上海正大广场 , 浦东新区陆家嘴西路168号 , 上海正大广场坐落在黄浦江畔，毗邻东方明珠和金茂大厦。由正大集团耗资4.5亿美元精心打造而成。是大陆目前最大的SHOPPING MALL购物中心，其规模在亚洲目前可名列第8大。共拥有13个楼层。正大广场建筑面积达241，000多平方米，项目投资超过3.35亿美元。整个广场内将集中1000多种国际国内品牌，从2万平方米的世界顶级名牌专卖店到4千平方米的首饰珠宝廊。另外还有1万5千平方米的上海最大的电子...,,,
上海地区 , 上海市徐汇区肇嘉浜路1065号甲 飞雕国际大厦2509室（近天钥桥路口） , 上海，简称“沪”，别称“申”，地处中国漫长海岸线的最正中，亚洲第一大河长江的入海口以及亚太城市群的地理中心。是中国第一大城市，中华人民共和国直辖市，中国国家中心城市，中国经济、金融、贸易、会展和航运中心。上海全市面积为6340平方公里，人口密度为每平方公里3631人，是全国人口密度最大的城市，也是世界人口最多的城市之一。上海属亚热带湿润季风气候，四季分明。上海创造和打破了中国世界纪录协会多项世界之...,,,
上海儿童艺术剧场(上汽荣威) , 黄浦区苗江路800号 , 上海儿童艺术剧场（上汽荣威儿童文化中心）是在原世博会上汽集团-通用汽车馆基础上改建的全国最大的儿童艺术专业剧场，位于苗江路800号（近西藏南路、龙华东路路口），于2013年6月1日正式对外开放，并首演开幕大戏儿童音乐剧《成长的快乐》。中心剧场可容纳1088位观众观摩，拥有先进的装备和多样式的舞台，能为小观众们营造身临其境的梦幻效果。除此之外，剧场还设户外广场、电影放映厅和互动体验园等，让小观众在欣...,,,
丁香国际商业中心 , 丁香路858号 , ,,,
八号桥艺术空间1908粮仓 , 南苏州路1247号 , ,,,
比高电影城（锦绣店） , 锦绣路2486弄7号地下一层 , ,,,
比高电影城（古北店） , 古北路1699号地下一层 , ,,,
上海育音堂音乐公园 , 上海市长宁区愚园路1398号地下一层B1-02 , ,,,
珍珠剧场 , 乍浦路471弄（近武进路，地铁10号线四川北路站2号口出100米） , ,,,
上海世博源 , 浦东新区上南路168号 , “世博源”是由中国2010年上海世界博览会的永久性建筑――世博轴改建而成的超广域型综合购物中心，由上海世博百联商业有限公司负责经营与管理改造。世博源充分利用了世博会的原有设施设备，为游客创造出全新的购物体验。在继承原有建筑特色的同时，世博源还因地制宜，增设了大量景观亮点，其设计充满了自然元素和艺术气息。此外，世博源还打破了以零售商户为主的传统业态布局，增大了餐饮美食、休闲娱乐及功能配套商户的经营面...,,,
奥迪国际赛车场（上海国际赛车场） , 嘉定区伊宁路2000号(近嘉定汽车城) , 上海国际赛车场是上海国际汽车城营造汽车文化的重要组成部分。选址在嘉定区安亭镇东北，距安亭镇中心约7公里。东至漳浦河，西至松鹤路、东环路，南至宝安公路，北至规划中的郊区环线高速公路，总面积约5.3平方公里。,,,
上海国际赛车场由赛车场区、商业博览区、文化娱乐区和发展预留区组成，其中赛车场区主要包括赛道、赛场指挥中心、医疗急救中心、新闻中心、安检中心、赛车改装中心、赛车维修区、看台设施、赛车防护设施、直...,,,,,
上海大悦城 , 西藏北路166号 , 上海大悦城将成为上海苏河湾地区的大型城市综合体。项目整体开发超过40万平米，总投资额超过120亿，预计2017年全面竣工。,,,
规划包括大型时尚购物中心、第一居所临水豪宅、高品质酒店式公寓、甲级写字楼及步行商业街，打造海派文化与国际文化的兼容并蓄，创造动静结合的高品质生活第一选择。,,,,,
上海跨国采购会展中心 , 上海市普陀区光复西路2739号 , 上海跨国采购会展中心位于光复西路2739号，地处上海长风生态商务区中心，与虹桥开发区隔河相望。傍长风公园，临苏州河而立，是一座集展览、会议、活动及餐饮等多功能于一体的现代化、国际化的会展中心，具有优美的水绿生态环境，先进的信息网络系统，齐全的商业配套设施和便捷的地铁公交网线。整个会展中心拥有16000平方米的室内展厅、9000平方米的会议厅、5000平方米的餐厅和850个车位的地下车库，并配备各类...,,,
巨影国际影城 , 吴中路52号7楼 , 巨影国际影城位于上海市徐汇区吴中路52号7楼。,,,
豫园・海上梨园 , 上海豫园文昌路10号和丰楼4楼 , 上海豫园文昌路10号和丰楼4楼,,,
上海新天地 , 上海市黄浦区湖滨路150号近济南路（湖滨道购物中心） , 地处淮海路商圈，作为市中心唯一主打lifestyle概念的湖滨道购物中心，于2015年10月华丽启幕。其商业建筑面积为57,000平方米，主要分布为地下二层和地上三层，将引入大量餐饮、亲子、生活类零售及各种体验式业态，涉及轻食、特色餐厅、儿童乐园、家居用品、书店、个人护理等，更不乏多家首次进驻中国的特色商户，全方位覆盖满足周围甲级写字楼商务精英以及高品质住宅社区居民的各类购物与生活需求，并对周围办...,,
上海环球金融中心 , 上海市浦东新区世纪大道100号 , 浦东新区世纪大道100号上海环球金融中心,,,
华特迪士尼大剧院 , 上海市浦东新区川南奉公路971号迪斯尼度假区内 , 华特迪士尼大剧院：上海市浦东新区川南奉公路971号迪斯尼度假区内,,,
上海杜若云章画廊 , 上海市永嘉路498号，近岳阳路 , 上海市永嘉路498号，近岳阳路,,,
大宁郁金香公园 , 静安区广中西路288号 , 大宁郁金香公园位于静安区广中西路288号。,,,
奇思妙想的时空洞 , 安龙路527号 , 安龙路527号,,,
chi K11美术馆 , 上海市淮海中路300号上海K11购物艺术中心B3层 , 上海市淮海中路300号上海K11购物艺术中心B3层,,,
上海天马赛车场 , 上海市松江区佘山镇 , 上海天马赛车场（STC）位于上海市松江区佘山镇（同三高速A30天马出口右转500米处），是一个集汽摩运动、汽摩文化与汽摩娱乐为一体的大型休闲运动场所，同时也是厂家和商家进行产品试验、新产品推广或发布、品牌宣传、公关等商务活动的又一个全新的平台。上海天马赛车场（STC）拥有一条全新概念的F3赛道、一条越野道、一个试验场和齐全的配套设施。其中F3赛道是由曾经设计澳大利亚一级方程式赛车场和珠海国际赛车场...,,,
环球奇趣体验馆 , 上海市黄浦区旧校场路69号 , 上海市黄浦区旧校场路69号,,,
上海新世界大丸百货 , 南京东路228号 , 新世界集团与日本大丸百货联合打造的12万平方米的新世界大丸百货正式对外亮相,该购物中心成为了上海首家真正意义上以百货运营模式经营国际顶级奢侈品牌的综合性百货商场。,,
MODERN SKY LAB , MODERN SKY LAB , MODERN SKY LAB 位于上海市虹口区瑞虹路188号瑞虹天地月亮湾3F。,,,
三林世博文化中心（三林影剧院） , 杨新路61号（近上南路） , ,,,
子约亲子剧场 , 遵义路100号南丰城商场南区M层 , ,,,
相爷府茶楼 , 方浜中路235号豫安阁4楼(近安仁街) , ,,,
盈艺术中心 , 莫干山路97号 , ,,,
上海文艺会堂 , 延安西路200号 , ,,,
新华联大厦 B1 , 淮海中路775号（近瑞金二路，麦当劳入口处） , ,,,
翼树空间 , 世博大道1368号世博源2区F1层 , ,,,
上海玻璃博物馆 , 长江西路685号 , ,,,
GIR沉浸式主题游戏馆 , 东安路562号绿地缤纷城西区BM层(地铁7号线5号出口) , ,,,
立秀宝儿童社会体验英语小镇 , 新江湾城殷行路1286号悠方购物公园1-2层，入口大厅位于2层 , ,,,
捕梦人的后花园 , 斜土路2200弄8号 , ,,,
上海当代艺术馆 , 南京西路231号人民公园7号门(近黄陂北路) , ,,,
比高电影院（宝山店） , 通河路533弄2号第3层 , ,,,
明珠美术馆 , 虹井路120弄新华红星国际广场6号8层 , ,,,
上海漫趣酒店 , 川沙路4518号 , ,,,
复星艺术中心 , 中山东二路600号 , ,,,
上海光大展览中心 , 徐汇区漕宝路66-88号 , 上海光大会展中心总建筑面积24万平方米，由东、西两翼组成，并以空中走廊相连接，东馆为三组六幢高30层连体式大型综合建筑，包括3万平方米展览会议场馆，4万平方米四星级宾馆以及办公楼、公寓楼及酒店式公寓。西馆是一幢三层大空间的标准展馆。,,,
上海佘山国际高尔夫俱乐部 , 松江区佘山国家旅游度假区林荫新路288弄 , 上海佘山国际高尔夫俱乐部坐落在上海松江佘山国家旅游度假区，与佘山隔河相望，与月湖公园为邻，拥有白金五星级的私人高尔夫会所和上海唯一的纯私人会员制的球场。由N&H公司所设计的上海佘山高尔夫球场是在上海地区起伏度最大，有最多茂密森林覆盖的高尔夫球场。俱乐部总占地面积2200亩，其中1700亩为18洞72杆国际锦标级高尔夫球场，500亩用来建造意大利托斯卡纳风格的顶级别墅社区。高尔夫俱乐部服务项目：18...,,,
贺绿汀音乐厅 , 卢湾区汾阳路20号（近淮海中路） , 上海音乐学院贺绿汀音乐厅于2003年9月20日落成。具有古典欧式风格的贺绿汀音乐厅座落于绿树成荫的上海音乐学院内，建筑风格稳重大方，典雅华贵。音乐厅建筑面积4357平方米，舞台面积为125平方米，可容纳三管制乐队演奏，共有744个座位。,,,
上海戏剧学院-端钧剧场 , 静安区华山路630号 , 端钧剧场位于静安区华山路630号上海戏剧学院院内，毗邻上海话剧中心。它建造于1962年，于2003年翻建重造，修葺一新。剧场占地面积约1850平方。座位288座，舞台高7.4米、宽9.3米、深12.8米、吊杆25道，电动控制，是上海市政府“戏剧大道”项目所属的，精致、袖珍的演出场地。端钧剧场历史悠久，著名戏剧家熊佛西、朱端钧的一大批作品在这里推向社会。著名演员祝希娟、焦晃 、娄际成、李家耀等都是从...,,,
乡音书苑 , 静安区南京西路860弄1~4号 , 乡音书苑是上海市评弹团创建的小型专业书场，可容纳100名左右的听众。现场听书和电视书场还是很有差别的，听一曲吴侬软语，琴声悠扬，婉转低回。置身于此情此境，心灵仿若远离了喧嚣的尘世，平和而宁静。乡音书苑闹中取静，是一个让身心得到充分休憩的驿站。由于他们的执着和坚持，评弹能在上海有一席之地也算是功不可没，去体会和感受心里真正喜欢的艺术。,,,
新光影艺苑 , 黄浦区宁波路586号 , 新光影艺苑，与南京东路步行街相邻，已有80余年历史，20世纪四十年代为著名的新光大戏院，戏剧大师黄佐临曾在此举办话剧“星期小剧场”演出季活动，上演了诸多话剧名作。建国后改建为新光电影院，文革后曾以电影资料片放映热极一时。为繁荣话剧演出市场，近期由上影演员剧团、上海现代人剧社联合新光影院，重新恢复话剧演出的传统，经改建后拥有322座位，将能满足小剧场话剧演出和电影放映的双重功能，并以悬疑剧与时尚喜剧...,,,
上海东方体育中心 , 黄浦江东、川杨河南、济阳路西以及规划路北侧 , 上海东方体育中心，原名上海水上竞技中心，是上海在建的位于浦东新区的一个以水上项目为主的综合性体育场馆，位于黄浦江东、川杨河南、济阳路西以及规划路北侧，共包括一座1.5万人的主体育馆，5千人的游泳馆和5千人的室外跳水池，总投资约20亿元人民币，预计于2010年底竣工，该场馆将主要为2011年世界游泳锦标赛服务。,,,
金山城市沙滩 , 金山区南端，杭州湾北岸 , 金山城市沙滩位于杭州湾北岸，金山区南端，全长约2公里，由东北向西南徐徐延伸，因紧邻城区而得名。这是一条集海景、海趣、海乐、海韵为一体的城市景观海岸线，更是一条充满浪漫、充满梦幻、充满遐想的亮丽风景线。城市沙滩由保滩工程、人工沙滩、滨海景观长廊、滨海商业街、沙滩排球场馆以及水上三轮车、水上步行球、摩托快艇等水上游乐项目组成。城市沙滩总长3529米，保滩大坝围水面积为1.5平方公里，采用高水隐堤的办法...,,,
上海木偶剧团仙乐斯演艺厅 , 上海市静安区南京西路388号仙乐斯广场5楼 , 上海木偶剧团仙乐斯演艺厅配备了先进的演出设备，从而使音响效果、舞台灯光和布景完美融合，为演出锦上添花。此外，演艺厅的周围还镶嵌了各种各样的皮影和木偶，使台上台下交相辉映，真可谓“凝固的历史，流动的舞台”。它是各种木偶剧、儿童剧、青春话剧等的演出场所，同时也具备举办时装秀、新闻发布会、学生专场、亲子专场、外宾旅游专场等综合经营功能。可同时容纳230名左右的观众。,,,
创智梦剧场 , 上海市杨浦区淞沪路388号创智天地广场7号楼一层 , 创智天地梦剧场于2010年10月落成，秉承“创新交流平台。乐活艺术中心”的社区理念，梦剧场希望打造成为上海东北片区文化和艺术的发生地。,,,
上海交响乐团演奏厅 , 徐汇区湖南路105号（近武康路） , 上海交响乐团最早于1984年开始举办室内乐音乐会，1991年起每周定期举办，至今已举办了逾千场音乐会，是目前上海唯一定期举办的非营利性室内乐音乐会。上海交响乐团室内乐音乐会演出阵容强大，除了上海交响乐团的演奏家及重奏组外，还汇集了更多杰出的组合，以及一大批高水平的演奏家。高水平的演出、纯粹的音乐氛围已经成为上海交响乐团室内乐的品质象征，其影响早已远远超出上海，远及海外。,,,
上海喜玛拉雅中心 , 浦东新区芳甸路1188号（梅花路口） , 喜玛拉雅中心座落于上海浦东，是由上海证大集团投资建设的“世博”花木国际会展集聚区的核心发展项目，正对上海新国际博览中心，占地面积3万平方米，总建筑面积18万平方米。喜玛拉雅中心由国际著名建筑大师矶崎新先生设计，内设证大大隐酒店、证大艺术酒店、喜玛拉雅美术馆、大观舞台和商场。其中酒店的室内设计是由迪拜帆船酒店的室内设计团队KCA主持。同时，喜玛拉雅中心内的大观舞台，已被官方指定为上海国际电影节开、闭...,,,
上海旗忠森林体育城网球中心 , 上海闵行区马桥镇 , 上海旗忠体育城网球中心位于上海市西南部的闵行区马桥镇，网球中心用地面积约为508亩，基地总建筑面积为85438平方米。基地容积率为0.187，建筑密度15.1%，绿化率46.1%，停车位993个。中央赛场建筑面积30649平方米，地上四层，建筑物高度约40米，顶棚为钢结构，开启方式仿佛上海市市花白玉兰的开花过程，为世界首创。,,,
上海当代艺术博物馆 , 上海市黄浦区花园港路200号 , 上海当代艺术博物馆(PSA)选址于2010年上海世博会城市未来馆，前身是始建于1897年的南市发电厂，其建筑主体长128米，宽70米，高50米，建筑面积31088平方米。高达165米的钢筋混凝土烟囱笔直高耸，具有极强的标志性，见证了中国近代工业的发展历程，昭示着浦江两岸新一轮的历史机遇和文化创造。改建后，其建筑面积将增加至4万多平方米，展陈面积达到1.5万平方米，拥有12个展厅。博物馆于2012年...,,,
上海世贸商城 , 虹桥经济开发区延安西路2299号 , 上海世贸商城座落于上海虹桥经济开发区，由常年展贸中心、上海世贸展馆、上海世贸大厦三大主体建筑构成，是一个集展示、交易、办公、资讯于一体的超级交易市场，为国内外商家及专业买主提供一流的、国际级的设施和服务。国际常年展贸中心――中国第一家、亚洲规模最大的国际级专业展贸市场200,000多平方米的展示空间，设2,200个常年展示间，是企业进行商品展示、交易的理想场所。目前，中心会集了服装面料家纺、礼品百...,
闵行体育馆 , 闵行区新镇路288号（近热带风暴） , 闵行体育馆是闵行区的十大标志性的建筑之一，也是闵行校区二期重点建设项目之一，设计可容纳7000名观众，属甲级场馆，可举办亚运会、奥运会及世界锦标赛部分项目，同时可兼学校大型会议、招聘会、文体表演、体育课用房等多动能使用。,,,
上海精武体育馆(原虹口体育馆) , 虹口区东体育会路715号 , 虹口体育馆是家大型的综合性健身场馆。这里设备齐全，能够开展包括篮球、排球、乒乓在内的各类球赛活动，并附有摔跤、空手道、健美训练馆：这里的服务优良、工作人员经过数次大型运动会的洗礼，在专业知识等各方面显示出较高的素质；这里交通便捷，周边地区各项服务设施配备齐全。,,,
上海杜莎夫人蜡像馆 , 黄浦区南京西路2-68号新世界城10楼 , 杜莎夫人蜡像馆（Madame Tussaud）是全世界水平最高的蜡像馆之一，有众多世界名人的蜡像。上海从全球三十几个候选城市中脱颖而出，成为全球第6座杜莎夫人蜡像馆的落脚地。在上海杜莎夫人蜡像馆分为在幕后、上海魅力、历史名人和国家领袖、电影、音乐、运动和速度七个主题展区。,,,
东方明珠演艺剧场 , 浦东新区陆家嘴环路504弄 , 原上海国际新闻中心二层核心区的1100平方米的新闻发布大厅改建成为东方明珠演艺剧场。保持了东方明珠演艺剧场新整体风格庄重、大气的风格，同时符合演出氛围，富有中国特色。是上海唯一配套同声传译设备的剧场，也是上海硬件最好的剧场之一。总共座位776个，配备贵宾休息区。,,,
上海马戏城 , 闸北区共和新路2266号 , 上海马戏城，有“中国马戏第一城”的美誉，其独特的建筑造型，金灿灿的穹型屋顶，是上海国际文化都市又一标志性建筑。杂技场共有1638座。加上高空的3圈马道，构成了一座设施完整、功能齐全的杂技表演场所。能够同时在高空、半空和地面做立体化、大场面演出，既能供杂技、马戏大赛和表演用，还能为综合性音乐、歌舞演出提供良好的表演空间。,,,
金海岸杨浦大剧院 , 控江路1155号（近靖宇南路） , 金橙剧院（原杨浦大剧院） 地处杨浦区控江路最繁华的地段之一，于1996年建成，总投资为5400万元，占地面积6374平方米，共有观众席23排818座，拥有756平方米的大舞台，院内环境幽雅，集会议、电影、演出、会展于一体，是杨浦区标志性的演出场所之一。,,,
金茂音乐厅 , 浦东新区世纪大道88号（金茂大厦裙房1楼） , 金茂音乐厅坐落于金茂大厦裙房一层，她有音乐厅和艺术走廊两大部分组成，共有座位398个。她是一个以演奏室内乐为主的音乐厅。旨在把金茂音乐厅打造成上海最高端的文化艺术休闲场所，建成音乐氛围好，硬件配套全，艺术水准高的音乐厅。,,,
上海海洋水族馆 , 浦东新区银城北路158号 , 上海海洋水族馆是上海最大、最具吸引力、以展示水世界生物、生态为主题的旅游景点。馆内有28个大型主题生物展示区，还有4条堪称世界之最的海底隧道，全方位景观视窗，让游客有身临其境之感。展示来自五大洲四大洋的珍稀鱼类，具有世界上有特色的淡水及海洋生物，也有一些目前在中国已濒临绝种的稀有水生物。,,,
上海大舞台（上海体育馆） , 徐汇区漕溪北路1111号 , 上海大舞台位于在上海西南地区的华亭宾馆对面，原名上海体育馆。上海体育馆是国内大型的体育馆之一，上海大舞台是在上海体育馆保留原体育馆功能的基础上于1999年10月改建而成的，它分为上、下两层结构，舞台平面呈橄榄型，面积约1250平方米。大型文艺演出可容纳观众8000-10000人左右，是国内首家剧院式多功能大型室内体育馆。,,,
旗忠森林体育城 , 闵行区元江路5500号（近昆阳北路） , 旗忠网球中心位于上海市西南部的闵行区马桥镇，网球中心用地面积约为508亩，基地总建筑面积为85438平方米。基地容积率为0.187，建筑密度15.1%，绿化率46.1%，停车位993个。主赛场建筑面积30649平方米，地上四层，建筑物高度约40米，顶棚为钢结构，开启方式仿佛上海市市花白玉兰的开花过程，为世界首创。,,,
上海木偶剧团儿童文化新天地（演展中心） , 上海市静安区南京西路388号（仙乐斯广场五楼） , 上海木偶剧团演展中心坐落于南京西路仙乐斯广场五楼，交通极为便利。宽敞明亮的演出大厅，可容纳230名左右观众的空间。演展中心的周围展示了各种各样的皮影和木偶，使台上台下交相辉映。此空间适合各种木偶剧、儿童剧、青春话剧等的演出，同时也具备举办时装秀、新闻发布会、学生专场、亲子专场、外宾专场等综合经营功能。演展中心配备了先进的演出设备，使音响效果、舞台灯光和布景可以完美融合，为舞台演出和各种活动锦上添花...,,,
可・当代艺术中心-小剧场 , 长宁区凯旋路613号(近延安西路) , 可当代艺术中心前身是上海大明橡胶厂、始建于上世纪60年代。规划完成后的可当代艺术中心总建筑面积1200平方米。整个建筑通体3层，有KeSpace、KeStore、KeFresh三大艺术互动区域构成。KeSpace是视觉艺术与表演艺术展演的空间。KeStore聚集各个艺术门类的图书、画册、各类个性化艺术产品和多媒体视听作品。KeFresh提供新鲜、健康的风尚美食：湖面观景阳台闹中取静；小型的舞台演出...,,,
上海橄榄球俱乐部 , 浦东新区金桥碧云国际社区(金桥家乐福对面) , 上海橄榄球俱乐部玩的是纯正的英式橄榄球，目前是纯真的西方俱乐部。为了使俱乐部本地化，具有各广泛的意义。俱乐部对于所有参加橄榄球Contact Rugby和轻触式橄榄球touch rugby的中国年轻人只象征性的收取少量的年会费，本地年轻人不足的会费由赞助商支付。,,,
同乐坊（芷江梦工场） , 静安区余姚路66号 , 同乐坊坐落在以保留旧时老上海里弄工厂为名的同乐坊内，是个不对号入座的新式小型剧场。非传统意义上的剧场，没有明确的舞台与观众席之分，观众与演出者近距离互相感知，可灵活布局，内部模仿老厂房的的砖墙钢结构。常有年轻艺术家在此小规模演出，观众也以年轻人为主，是个很好的体验式演出场所。,,,
世纪公园 , 浦东新区锦绣路1001号 ," 世纪公园位于上海市浦东新区花木行政文化中心，距离市中心8公里，虹桥机场24公里，浦东国际机场28公里，是上海内环线中心区域内最大的富有自然特征的生态型城市公园。 享有""假日之园""的美称。公园总体规划方案由英国LUC公司设计，占地总面积140.3公顷，总投资10亿元人民币。设计思想体现了中西方园林艺术和人与自然相互融合的理念。公园以大面积的草坪、森林、湖泊为主体，建有乡土田园区、湖滨区、疏林草坪区、...",,,
上海市世博园 , 浦东新区西藏北路 , 上海世博会场地位于南浦大桥和卢浦大桥之间，沿着上海城区黄浦江两岸进行布局。在上海黄浦江两岸的5.4平方公里世博园区内，世博园5大场馆群分别为独立馆群、联合馆群、企业馆群、主题馆群和中国馆群。其中独立馆的建筑群将集中在黄浦江边，每栋建筑由一个国家出资建设，用于展示该国的科技成果；联合馆建筑群中的一部分将由一些国家联合建造；另外一些建筑将由我国出资建造，届时租赁给参展国使用；企业馆建筑群将成为国际参展...,,,
马兰花排演厅 , 静安区华山路643号 , 马兰花排演厅坐落于幽静的华山路上，位于中国福利会儿童艺术剧院院内，2006年正式落成，是上海目前唯一用于儿童剧排练和演出的剧场。2006年演出30余场。排演厅占地面积1180平方米，建筑面积2898平方米，共有两个剧场：一个470座位的剧场，两层观众厅，楼厅设有包厢。用于上演各类儿童剧。一个160座位的亲子空间可以进行戏剧表演和艺术实践活动。排演厅主舞台台口宽13.6米，高8.3米，深15.3米，...,,,
话剧艺术中心 , 徐汇区安福路288号（近武康路） , 上海话剧艺术中心现在拥有一座建筑面积达15,000平方米的综合大厦，中心不仅有着一大批专业的编剧、导演、演员、舞台等创作人员，还拥有三个大小各异、功能齐全的专业演出剧场，每年中心自主创作及交流引进的各色演出达600场，吸引国内外观众十几万人次。艺术剧院拥有530个观众席。戏剧沙龙位于上海话剧艺术中心话剧大厦的3楼，最多可有288个观众席。D6空间位于话剧艺术中心话剧大厦6楼，是以时尚性、先锋性、多...,,
上海体育场（八万人体育场） , 徐汇区天钥桥路666号 , 上海体育场是目前我国规模最大、设施最为先进的大型室外体育场和上海的标志性建筑之一。上海体育场占地面积19万平方米，建筑面积17万平方米。可容纳5.6万名观众观看体育比赛以及4.3万名观众观看大型文艺演出。,,,
上海国际赛车场（F1赛车场） , 近郊嘉定区伊宁路2000号 , 上海国际赛车场位于上海市嘉定区境内，坐落在民风淳厚、乡情浓郁的江南古镇――安亭镇东北,与驰名世界的上海国际汽车城相邻，距上海市中心30公里，距上海虹桥机场20公里，周围被嘉金(A5)、嘉松、A30等高等级公路所环绕，计划中的轨道交通R3线直达赛车场。,,
上海国际体操中心（长宁体操中心） , 长宁区武夷路777号（中山西路口） , 上海国际体操中心位于上海武夷路777号紧靠中山公园商业中心区，虹桥开发区近在咫尺，上海国际体操中心于1997年9月竣工。底层有半地下车库，可停放小轿车1200车辆。一层为上海乐购大卖场.二层为主馆比赛场，可容纳观众4122人。,,,
上海源深体育馆 , 浦东新区张杨路1458号源深体育中心内 , 上海浦东源深体育馆，为配套特奥会在浦东源深体育中心新建的体育馆，建筑面积约3.5万平方米，由体育馆和游泳馆两部分组成。地处浦东陆家嘴金融贸易区的上海市浦东新区源深体育发展中心，是上海规模较大、功能较齐全的三大体育中心之一。位于张杨路商业街东首紧邻世纪大道及地铁二、四、六号线，场馆周围交通便捷。,,,
宛平剧院 , 徐汇区中山南二路859号 , 上海市宛平艺苑由宛平剧院和艺苑酒店组成，座落在上海市中山南二路宛平南路口，上海宛平剧院占地7424平方米，欧美建筑风格。宽敞明亮的环行休息大厅，园弧型的楼梯，庄重气派。剧院共有观众席1007座。上海宛平剧院的姐妹楼艺苑酒店有1200平方米的停车场。,,,
金山体育场 , 合浦路147号 , 金山体育场包括一座可容纳3万名观众的足球场、一座拥有400米跑道的田径场、8片灯光网球场、两个全民健身休闲广场和其他配套办公、食宿设施。各部分高标准的设施在功能上兼容互补，形成金山体育场作为城市体育主题公园的多元化特色。是我国继上海虹口足球场、天津足球场之后建造的第三座专用足球场。,,,
闸北体育场 , 共和新路2100号 , 位于闸北区中部，紧邻上海马戏城、大宁灵石公园,共和新路高架在体育场东面横穿而过。体育场中心场地面积20000平方米，设有标准的400米塑胶，可举行正规田径比赛，东、西看台有弧型曲线雨蓬，并配备了夜间比赛照明用灯带及大型电子显示屏。是集体育、竞赛、休闲、娱乐为一体的开放性、综合性的现代化体育场馆。,,
逸夫舞台（天蟾剧院） , 福州路701号 , 隶属于上海京剧院，是上海唯一一家戏曲专用演出剧场。该剧院始建于1925年，前身名为天蟾舞台，曾有“远东第一大剧场”之誉。在皮黄鼎盛的年代，梨园界曾有“京角儿不进天蟾不成名”的美谈。自1994年重建开台以来，年均演出场次四百余场，连续十年在上海同类剧场中行业名列前茅，打造了中国戏曲专用演出剧场和京剧大码头的特色品牌。1995年即创下全年公演京剧300场的佳绩。,,,
上海东方明珠演艺剧场 , 陆家嘴环路504弄 , 原上海国际新闻中心二层核心区的1100平方米的新闻发布大厅改建成为东方明珠演艺剧场。保持了东方明珠演艺剧场新整体风格庄重、大气的风格，同时符合演出氛围，富有中国特色，是上海唯一配套同声传译设备的剧场，也是上海硬件最好的剧场之一。总共座位776个，配备贵宾休息区。,,,
上海城市剧院 , 都市路4889号（莘庄地铁站南广场） , 坐落于上海闵行区莘庄地铁站南广场名都路的城市剧院，是闵行区政府规划新建的春申文化广场的重要组成部分，其与邻接的区图书馆、档案馆及青少年活动中心一起构筑闵行文化艺术中心，成为上海西南地域的文化地标。城市剧院建筑面积7,012平方米，于2009年底开业运营，建筑设计座位1,122个（乐池抬升时实际座位988个），分上下两层观众席。剧院舞台台口宽度16米，台深22米，左右两侧副台面积总和为368平方米。,
上海七宝教寺 , 闵行区七宝镇新镇路1205号 , 七宝镇位于虹桥机场西南向不远，是通往青浦、松江的必经之地。今天的七宝寺乃移址重建于2000年，汉唐建筑风格，朴素大方，庄严肃穆，有山门、钟鼓楼、天王殿、大雄宝殿、经堂、法堂、藏经楼、宝塔及花园。寺临蒲汇塘河与横沥泾河交汇处，别有景致引人注目的是花园中的石刻经幢和广场中的佛塔，皆精美非凡，历史上，寺院皆依塔而造，塔代表了佛的功德报身，而经幢应为佛的法身，因此，上海新建寺院对于塔与经幢的重视是相当令人...,,,
测试场馆 , 上海市静安区江宁路466号（康定路交汇处） , 艺海剧院是一座崭新智能化、现代化的艺术剧院，上海市委副书记龚学平亲笔为剧院题名“艺海”，寓“艺术的海洋、海纳百川”之意。艺海剧院共八层，配备上乘的舞台、灯光、音响、建声设施，具备举办一流的芭蕾、戏曲、话剧、室内音乐及综艺节演出功能。剧院座位999个，楼上278座，楼下721座。剧场共378个坐席，分为2层楼上328座，楼上50座。,,,
仲盛世界商城5楼 , 闵行区都市路5001号 , 仲盛世界商城（Sky Mall）紧邻莘庄地铁交通枢纽，占地面积6万M2、总建筑面积29.29万M2、营业面积共23.4万M2，设有地上5层、地下3层320个大小不一的店铺。由美国知名的建筑设计公司KMD规划设计，汲取美国商业建筑特色及人文风格，时尚简洁，棱角分明的外墙，复合金属材料的建筑顶层，将仲盛世界商城国际化特征彰显无余，打破传统商业街的单调结构，以独立建筑体创意风格打造全新的商业建筑组合，网...,,,
上海浦东香格里拉大酒店 , 浦东新区富城路33号 , 久负盛名的上海浦东香格里拉大酒店坐拥旖旎外滩美景，以其热情周到的香格里拉式服务及世界一流餐饮美食而闻名国内外。酒店地处上海乃至全国的商业中心地带――陆家嘴金融贸易区，毗邻浦江而建，俯瞰迷人风光，地理位置无与伦比。距离浦西市中心只需15分钟路程，离上海国际机场也只有30分钟的车程。上海浦东香格里拉大酒店坐拥外滩及黄浦江美景，曾荣膺奖项，是上海顶级豪华酒店，提供热情周到的香格里拉特色服务及世界一流的就...,,,
上海大自然野生昆虫馆 , 浦东新区陆家嘴金融贸易区丰和路1号 , 上海野生昆虫馆位于东方明珠旁，集旅游、观赏、科普教育为一体的国内首家活体昆虫展示馆。馆内区域划分为：昆虫长廊、蝴蝶谷、两栖爬虫溶洞区、生态触摸区、水域触摸区、热带雨林区、昆虫沙龙及科普教室。面积3000多平方米，有昆虫200余种数万只。在这里游客可以观赏并触摸到许多活灵活现的昆虫，更可以自己动手制作昆虫标本。总之，四季变化造就了各种昆虫的千姿百态，随着季节的变化，昆虫馆也会为你呈现出不同的魅力与景...,,,
上海市工人文化宫小剧场 , 黄浦区西藏中路120号(北海路口) , 上海市工人文化宫位于人民广场东侧，正对人民广场，大门在西藏中路广东路口，地处市中心黄金地段，周边商铺林立，写字楼、银行、各国驻华机构、文化设施密集，配套设施成熟，公交线路四通八达，既是繁华的商务中心，又是旅游、购物的天堂。,,,
江湾体育中心 , 杨浦区国和路346号 , 上海市江湾体育场是目前国内保留规模最大、最完整的综合性体育设施，包括体育场、体育馆和游泳池。江湾体育场始建于1933年，原名上海市体育场，由当时的上海市政府直接主持筹建。1933年7月，国民党上海市政府发行公债350万元，并指定100万元为专建体育场的款项。工程1934年8月奠基开工，1935年10月初由工务局交付使用，并举办了旧中国第六届全国运动会。整个体育场由建筑师董大酋主持设计，由运动场、体...,,,
鲁班路909号黑匣子鬼屋 , 鲁班路909号 , 上海“黑匣子”坐落在卢湾区鲁班路909号，这里是恐怖鬼屋的源泉。联合美国专业特效团队打造，将美式恐怖与老上海风情完美结合，带来超乎想象的多感挑战！从鬼屋到恐怖食物，从复活的主角到暗黑派对，让你领教什么才是真正的鬼文化！地处上海码头新地标，一览世博园区与浦江风情，这是目前国内唯一可与国际媲美的超猛鬼屋！,,,
上海东亚展览馆 , 天钥桥路666号 , 上海东亚展览馆位于上海两大标志性体育建筑――上海体育场和上海体育馆之间，地处上海徐家汇黄金商业圈内，由上海东亚体育文化中心投入近千万元巨资将原大型专业训练馆改建而成。展馆总面积4515平方米，层净高达12米，水、电、中央空调、网络系统等各项设施一应俱全，可承接各类中等规模展览会。同时，上海东亚体育文化中心还拥有其他室内展览场地约3万平方米，户外展览场地约3.5万平方米。,,,
豫・上海剧院 , 黄浦区旧校场路69号 , 豫・上海剧院，是上海星艺餐厅管理有限公司所有豫上海餐厅所属的专业多功能厅，位于著名的旅游景点城隍庙豫园景区口，旧校场路69号悦宾楼3楼，地近福佑路，亚一金店斜对面。面积700多平方米，剧场台宽9米，台深7米，有吊杆4根，图案摇头电脑灯20台，LED变色灯59台，吊架4组 ，全频音响26组，投影机12000流明4台， 2500-3000流明移动投影机1台，座位300只。适合多媒体话剧和戏剧的表演空间...,,,
上海大世界共舞台 , 黄浦区西藏南路1号 ," 上海大世界位于上海西藏南路上，是一个以游艺、杂耍、中国戏曲等游乐项目为特色的游乐园，它独特的建筑风格和海派文化风情，一直为人们津津乐道。“共舞台”1930年在大世界里开业，共有观众席位1207个，当时与人民大舞台、天蟾舞台、中国大戏院并称为沪上的“四大京剧舞台”。梅兰芳、言菊朋等京剧大师都曾在""共舞台""演出。",,,
静安创意空间 , 康定路1147号 , 静安创意空间是对位于上海市中心的一个废弃旧工业园区的改造再开发项目，总面积为7700 平方米。该项目旨在创建一个中心场所，它不仅能吸引在上海的一部分不断扩大的社群（大部分为外国人）的注意，同时也迎来一些具有想象力和创造力的中国人，他们厌倦了与城市中林立拥挤的高楼为伍，因为那些现代建筑常常显得单调，呆板甚至荒谬，当然毫无吸引力和视觉冲击力。这个园区内的六幢现有建筑已经被清理干净并安装相应配套设施。,,,
长宁文化艺术中心剧场 , 仙霞路650号(近安龙路) , 上海长宁文化艺术中心（又称长宁区文化馆）位于仙霞路商业街，交通便利，娱乐休闲设施齐全。文化中心建筑面积近9000平方米，总投资额逾5500万元，1997被评定为“上海市特级文化馆”，是一座综合性的群众文化娱乐场所。长宁文化艺术中心四楼剧场具电影反映、演出、会务等多项功能的现代化剧场。舞台台口宽14米，深10米。灯光音响格调简洁明快，精致而不失豪华。共有628个座位。,,,
粒米 Lifeismore Lounge Bar , 常德路800号C3 102-104（近昌平路，800秀园区内） , 在这座城市，800秀是上海的，也是世界的；于这个空间，品格在白天，绽放在深夜；粒米只是，而且一定是在你平静或烦躁的时候，可以坐下来，有吃有喝，听听音乐，看看书，见见朋友，心安之所。粒米，以Coffee Restaurant-Books bar-Lounge-Salon复合型元素诠释文化艺术沙龙的理念，为广大文化艺术爱好者提供交流和集散平台，秉承开放创新，专业，诚信的职业精神，不断的进取开拓。,,,
上海仙霞网球馆 , 虹桥路1885号 , 仙霞网球中心坐落于上海西部幽静秀美的宾馆别墅区，与古北、虹桥开发区毗邻。走近场馆，给人的感觉就像一块翡翠，林木繁密，绿草如茵，欧式的体育建筑用绿色勾勒的线条，再加上绿色的移动屋顶和绿色的场地，处处充满生机，生意盎然。中心建筑面积20272 平方米，拥有四片标准的室外球场和一片能容纳四千名观众的中央主赛场，中心内部设施齐全，是迄今为止全国规模和设施最完备的现代化竞技网球场之一。,,,
中国福利会儿童艺术剧院 , 上海市华山路643号 , 1947年4月10日，宋庆龄女士亲手创办了中国福利会儿童艺术剧院。长久以来，儿艺创作出《马兰花》等近300个题材各异的优秀剧目，并多次获得国家级大奖。近年来儿艺又推出了一系列的新剧目，《夜莺》、《丑公主》、《皇帝的新衣》、《兔子和枪》、《挑战3VS3》等，着重关注现代少年儿童的审美情趣，深受小观众的喜爱。中福会儿艺每年创作2-3台新戏，演出7-8个剧目，在上海、浙江、江苏、安徽、广东等省市演出，场...,,,
上海红坊国际公共文化艺术社区 , 淮海西路570-588号 , 上海红坊国际公共文化艺术社区改建于上钢十厂原轧钢厂厂房，利用老工业建筑的钢筋铁骨，将厂房的高大空间、框架结构等特点与现代建筑艺术相结合，既传承了老建筑与生俱来的历史肌理，保护其原生态感，又作乐通风、安全、和谐的细节处理，使新旧空间互相结合、流动、自然过度，打造成为了一个综合文化中心，以上海城市雕塑艺术中心为主体，并有多功能会议区、大型活动及艺术展览场馆、多功能创意场地等灵活的空间应用。,,,
上海大学生体育中心体育馆（国际滑冰馆） , 文翔路2000号 , 上海大学生国际冰球馆是上海大学生体育中心体育馆为凸现体育馆冰上项目功能的另一名称。目前是上海最大的室内真冰滑冰馆，也是上海地区唯一可以承办国际冰球赛事的奥林匹克标准场地，冰面面积1830平方米，观众席数量可达6000余个，并可同时容纳500余人滑冰。,,,
上海视觉艺术中心-大眼睛剧场 , 松江区文翔路2200 号(近动感地带) , 复旦大学上海视觉艺术学院是经国家教育部批准成立的新型艺术类本科院校，是由复旦大学联合上海文化广播影视集团、文汇新民联合报业集团、上海世博（集团）有限公司、上海精文投资有限公司、上海精文置业（集团）有限公司、上海申教投资有限公司、盛大网络发展有限公司等共同投资创建的独立学院。地处松江大学园区的复旦大学上海视觉艺术学院的标志性建筑――图文信息中心大楼2006年4月28日落成。大楼正面外形呈弧形，仿佛是...,,,
上海汽车会展中心 , 嘉定区安亭博园路7575号 , 上海汽车会展中心坐落于上海国际汽车城核心区汽车博览公园内，总建筑面积为6万平方米，中国首座针对汽车行业特点设计并建造的一座现代化场馆，是上海打造汽车产业中心战略的重要组成部分，其中展览面积和会议、办公等展会配套设施面积各3万平米，拥有1200多个标准展位(3M×3M)。,,,
上海夏季音乐节音乐厅 , 徐汇区汾阳路近淮海中路（上海音乐学院旁） , 2010年首届上海夏季音乐节演出场地将摒弃传统的演出场地，在汾阳路淮海中路口搭建起长50米、宽30米、顶高近10米的大型篷房音乐厅，这座相当于4层楼的高度另类音乐厅届时将成为老洋房环绕的旧法租界淮海路的又一新地标。音乐厅虽然是篷房搭建，但功能和音响上毫不逊色。现场将采用16组古典音乐专用扬声器、同济大学智囊团度身定做的减噪降温方案以及完备的配套设施，让观众体会不同与传统音乐厅的别样夏日氛围。,,,
长风公园 , 普陀区大渡河路189号 , 上海长风公园始建于一九五六年，一九五九年国庆节建成开放。面积36.6万平方米，其中水面积14.3万平方米，是上海市大型的综合性山水公园。,,,
朱家角课植园 , 青浦区朱家角镇西井街119号(近涌泉桥) , 课植园位于上海市青浦区朱家角镇北首西井街，环境幽静，风光独好，是朱家角镇上最大的庄园式园林建筑， 原园主马文卿，故俗称“马家花园”。园名定为“课植”乃寓“课读之余，不忘耕植”之意，故园内既建有书城，又辟有稻香村，以应园名。课植园座西朝东，正墙门面对西井亭港。整个庄园,由厅堂区、假山区、园林区三大部分构成。厅堂内建筑十分考究，雕梁画栋，工艺精细，屋顶面采用双层瓦片行板结构，有冬暖夏之奇效。以碑廊为...,,
上海天马山赛车场 , 上海市松江区佘山镇沈砖公路3000号 , 上海天马赛车场（STC）位于上海市松江区佘山镇（同三高速A30天马出口右转500米处），是一个集汽摩运动、汽摩文化与汽摩娱乐为一体的大型休闲运动场所，同时也是厂家和商家进行产品试验、新产品推广或发布、品牌宣传、公关等商务活动的又一个全新的平台。上海天马赛车场（STC）拥有一条全新概念的F3赛道、一条越野道、一个试验场和齐全的配套设施。其中F3赛道是由曾经设计澳大利亚一级方程式赛车场和珠海国际赛车场...,,,
新光悬疑剧场 , 上海市宁波路586号 , 新光小剧场即新光影艺苑，与南京东路步行街相邻，已有80余年历史，20世纪四十年代为著名的新光大戏院，戏剧大师黄佐临曾在此举办话剧“星期小剧场”演出季活动，上演了诸多话剧名作。建国后改建为新光电影院，文革后曾以电影资料片放映热极一时。为繁荣话剧演出市场，近期由上影演员剧团、上海现代人剧社联合新光影院，重新恢复话剧演出的传统，经改建后拥有322座位，将能满足小剧场话剧演出和电影放映的双重功能，并以悬疑...,,,
Kento’s Live house , 上海市静安区余姚路18号3楼(近西康路) , 健斗士音乐现场酒吧Kento's Live House在日本早已是家喻户晓的酒吧品牌了，非常有人气的Kento's，进驻上海的同时也带来了非同凡响的音乐体验。健斗士Kento's沿袭了日本纯正的音乐现场血统，选用的是世界顶级的音乐器材和音响设备，加上专业乐队的现场倾情演出，气氛high到不行。酒吧采用日本银座的室内设计风格，一桌一椅都是实木制作，舞台前还有宽大的舞池，剧场式的格局，无论坐在哪里观赏...,,,
上海师范大学 , 上海市徐汇区桂林路100号 , 上海师范大学是上海市属三所重点大学之一，是一所以人文学科见长，教师教育和对外汉语教育为特色，文理基础学科为主的综合性高等学府。学校创立于1954年，现有2个一级博士学位授予点，22个二级博士学位授予点，4个博士后流动站，93个硕士学位授权点，82个本科专业。在校本专科生23000余人，研究生4000余人，各类留学生2000余人。,,,
上海浦东新区 , 上海市浦东新区 , 浦东新区位于上海市东部，长江三角洲东缘。东濒长江口，南与浙江省嵊泗县、上海市奉贤区接壤，西和北、东北分别与闵行、徐汇、卢湾、黄浦、虹口、杨浦、宝山7区和崇明县隔江相望。2009年4月24日南汇划入浦东后，浦东新区区域面积达到1210平方公里，常住人口412万人，均占上海市的五分之一左右。,,,
朱家角水乐堂 , 上海市青浦区古镇朱家角西井街漕港滩3号 , 水乐堂由日本矶崎新工作室与谭盾共同设计建造，它确立了一个全新的建筑音乐观念：从建筑上把德国的“Bauhaus”建筑理念和谭盾独创的“Minhaus”建筑理念结合起来。Bauhaus是以工业废墟，废旧工厂改造为特点，Minhaus则以江南老房子改造以及明代家俱的极简主义为特色。水乐堂是由古镇老宅修整而成的21世纪多功能空间，它融合了环保的理念、水乡的文化和天人合一的哲理，也成就了谭盾对音乐空间的一个...,,,
华东理工大学 , 上海市徐汇区梅陇路130号 , 华东理工大学是教育部直属的全国重点大学，是国家“211工程”重点建设高校和“985优势学科创新平台”高校。学校原名华东化工学院，其办学历史可以追溯到100多年前的南洋公学和震旦学院，是1952年全国高校院系调整时由交通大学（上海）、震旦大学、大同大学、东吴大学、江南大学等学校的化工系合并组建而成的全国第一所以化工特色闻名的高等学府，现已发展成为特色鲜明、多学科协调发展的研究型全国重点大学。,,,
上海大学 , 上海市宝山区上大路99号 , 上海大学是国家“211工程”重点建设高校之一，上海市属重点大学，是一所拥有理、工、文、史、哲、经、管、法、美术、影视和数码艺术等学科的综合性大学。早在1922年，大革命时期，国共合作曾建立了上海大学，校长为于右任，教务长为瞿秋白，她为国共两党培养了大批栋梁之才。1994年由上海工业大学、上海科技大学并入原上海大学，组建成新上海大学。我国近代力学之父钱伟长（原全国政协副主席、中国科学院院士）任新上海...,,,
上海金融学院 , 上海浦东新区上川路995号 , 海金融学院是一所近60年办学历史，以经济管理学科为重点，以金融学科为核心，相关学科交叉支撑，文、法、理、工支撑协调发展，培养现代服务业（特别是现代金融服务业）所需应用人才的公办多科性全日制本科高校。几十年来，学校致力于培养国家经济金融所需要的各级各类专门人才，被誉为“未来金融家的摇篮”。,,,
上海科技馆 , 浦东新区世纪大道2000号 , 上海科技馆是上海重要的科普教育基地和休闲旅游基地。上海科技馆项目占地面积6.8万多平方米，总建筑面积9.8万平方米，展示内容由天地馆、生命馆、智慧馆、创造馆、未来馆等五个主要展馆和临展馆组成，总投资17.55亿元人民币。作为上海市最主要的科普教育基地和重要的精神文明建设基地，使每个来参观的观众能在赏心悦目的活动中，接受现代科技知识的教育和科学精神的熏陶。,,,
上海群众艺术馆 , 上海市徐汇区古宜路125号（近中山西路宜山路） , 上海市群众艺术馆建馆于1956年12月30日，迄今已五十三年了。市群艺馆从诞生起，始终坚持文艺为人民服务，为社会主义服务的方向，不断为繁荣社会主义群众文化事业做着不懈的努力。她是党和政府在群众文化领域的职能机构，肩负着对群众文艺进行引导、组织的使命，现直属于上海市文化广播影视管理局。社会发展繁荣群众文艺，群众文艺促进了社会发展。进入21世纪，新的机遇带来新的挑战，市群艺馆人正以饱满的热情，在中共上...,,,
上海群艺馆星剧场 , 上海市徐汇区古宜路125号（中山西路1551号） , 上海市群众艺术馆建馆于1956年12月30日，迄今已五十三年了。市群艺馆从诞生起，始终坚持文艺为人民服务，为社会主义服务的方向，不断为繁荣社会主义群众文化事业做着不懈的努力。她是党和政府在群众文化领域的职能机构，肩负着对群众文艺进行引导、组织的使命，现直属于上海市文化广播影视管理局。社会发展繁荣群众文艺，群众文艺促进了社会发展。进入21世纪，新的机遇带来新的挑战，市群艺馆人正以饱满的热情，在中共上...,,,
中山公园 , 上海市长宁区长宁路780号 , 中山公园位于长宁路，占地20余公顷。始建于1914年，时称兆丰公园，1941年为纪念孙中山先生而改名。中山公园是本市著名的大型公园之一，以英国式自然造园风格为主，融中国园林艺术之精华，既有西式的几何规整的大草坪，又有中西合壁的自然山水园、植物园、假山、鸳鸯湖等。后花园一棵百羚悬铃木，高30米，冠幅31米，胸径近1米，为华东地区之最。中山公园，是上海树木花卉品种比较多的公园之一。园内以牡丹、樱花、桂...,,,
上海戏剧学院 舞蹈学院 , 上海市闵行区莲花路211号（近平阳路） , 上海戏剧学院戏曲舞蹈分院是上海戏剧学院唯一的一所分院，前身是由上海市文化局和上海师范大学共建于1999年10月的上海师范大学表演艺术学院。2002年，上海市委市政府将学院并入上海戏剧学院，更名为上海戏剧学院戏曲舞蹈分院，同时招收第一届舞蹈本科生。分院现有戏曲、舞蹈、艺术管理三个系。戏曲系设有戏曲表演、戏曲导演、戏曲音乐、戏曲容装、武功师资等专业；舞蹈系设有芭蕾表演、中国古典舞表演、中国民间舞表演、...,,,
八佰秀 , 上海市静安区常德路800号（近昌平路） , “800秀”位于常德路800号，是集时尚秀展、创意办公和休闲娱乐为一体的高品质创意产业园。“800秀”紧贴地铁7号线，与静安南京路不足千米，独一无二的多功能秀场与南京西路CBD相辉映，吸引大量设计、公关、奢侈品以及时尚传媒业的合作入驻，使之成为上海国际时尚品牌的集聚和时尚产业链延伸的重要一环。,,,
创智天地江湾体育中心 , 国和路346号 , 江湾体育中心为于上海市杨浦区的中心地带五角场商圈，毗邻复旦同济等众多知名学府，是拥有70多年历史的市级文化遗产保护建筑。投资数亿修复改建成的江湾体育中心，是高科技创新园区创智天地的核心部分。历史上的江湾体育中心，由董大酉建筑师设计，建成于1935年，占地约300亩，建筑总面积7.9万平方米，由体育场、体育馆和游泳池馆三大主体建筑组成，是当时国内及远东地区规模最大、设备完善的综合性体育场之一。,,,
世博庆典广场 , 浦东新区浦东世博园区A片区(近世博文化中心) , 世博会庆典广场位于世博会浦东展区世博轴的尽端，北临黄浦江，东依世博演艺中心，西接世博公园和世博中心。庆典广场设计用地面积约为2.15hO，南北向长约120m，东西向长约130m。,,,
JZ Club , 上海市徐汇区复兴西路46号（靠近永福路口） , JZ俱乐部从2004年创办至今，已然成为上海乃至中国最具代表的爵士酒吧。一天4小时一年365天，House Bands玩转经典的Standard，律动的Swing，清新的爵士女声，现代的爵士摇滚。周末更有激情热辣的拉丁大乐队和JZ All Star Big Band。传承“乐手之家”的精神，周末的JZ就是音乐家们的聚集地。酒过三巡爵士群侠纷纷登台献艺，即兴之夜把周末的JZ带入节日般的狂欢。几年来平...,,,
浦东三林影剧院（原杨思影剧院） , 上海市浦东新区杨新路61号（近上南路） , 杨思影剧院位于浦东新区，是杨思地区颇具知名度的一家集电影播放，录像播放，表演戏剧、话剧、歌剧、歌舞、曲艺、音乐等文娱的活动为一体的多功能的综合性影剧院。并且地理位置优越,交通便捷，保证了观众的精神文化生活质量。,,
育音堂 , 上海市长宁区凯旋路851号，近延安西路 , 育音堂，隐蔽在天山公园绿色草坪旁边一栋孤立的白色小楼里，夜晚时分，马路已变得安静下来。推开酒吧大门的那瞬间，仿佛进入了另一个世界，酒吧内堂的喧嚣，仿佛与外面的世界彻底隔绝。育音堂的最大特色便是摇滚乐队的现场演出，隔三岔五，就会有来自五湖四海的摇滚乐手到这里表演，其中更不乏国内外知名的乐队和歌手。酒吧天天有演出，来看演出的，自然也都是志同道合的摇滚爱好者。育音堂不大，人多的时候，很难找到空位。吧台上...,,,
上海星舞台（上海群艺馆星剧场） , 上海市徐汇区古宜路125号（中山西路1551号） , 上海市群众艺术馆建馆于1956年12月30日，迄今已五十三年了。市群艺馆从诞生起，始终坚持文艺为人民服务，为社会主义服务的方向，不断为繁荣社会主义群众文化事业做着不懈的努力。她是党和政府在群众文化领域的职能机构，肩负着对群众文艺进行引导、组织的使命，现直属于上海市文化广播影视管理局。社会发展繁荣群众文艺，群众文艺促进了社会发展。进入21世纪，新的机遇带来新的挑战，市群艺馆人正以饱满的热情，在中共上...,,,
上海世博中国馆 , 上海市浦东新区世博园内A片区世博轴东侧 , 展馆建筑外观以“东方之冠，鼎盛中华，天下粮仓，富庶百姓”的构思主题，表达中国文化的精神与气质。中国馆共分为国家馆和地区馆两部分，国家馆主体造型雄浑有力，宛如华冠高耸，天下粮仓；地区馆平台基座汇聚人流，寓意社泽神州，富庶四方。国家馆和地区馆的整体布局，隐喻天地交泰、万物咸亨。国家馆居中升起、层叠出挑，采用极富中国建筑文化元素的红色“斗冠”造型，建筑面积46457平方米，高69米，由地下一层、地上六层...,,,
上海国际客运中心码头 , 上海市虹口区东大名路800号 , 上海港国际客运中心码头（又称“一滴水”）东起高阳路，西至虹口港，北沿东大名路，南到黄浦江。规划占地面积15万平方米，总建筑面积41万平方米，由13个单体建筑组成。整个工程包括改建850米国际客运码头的景观岸线、新建国际客运综合楼及配套商业、办公建筑群，同时建设滨江绿化和开放空间8万平方米。,,,
上海美兰湖高尔夫俱乐部 , 上海市宝山区沪太路6655号 , 球场占地3390亩，在设计上打破了华东地区一马平川的传统球场风格，传承苏格兰特色的地域布局，由南、北各18洞组成，是大上海地区唯一的36洞USGA标准球场。球场设备完善，设有独创性的自设水处理工程、雷电侦测预警系统与“虹吸式排水系统”实现了零污染、零排放的安全自然循环。在球场外观美化设计上，公司以自然生态保护为主轴，还原纯生态为宗旨，纯天然植被与沙坑，湖泊完美结合，为各种野生动物提供栖息场所，全景...,,,
浦东源深体育中心 , 上海市浦东新区源深路655号 , 上海市浦东新区源深体育发展中心（浦东体育公园），是上海规模较大、功能较齐全的三大体育中心之一，地处浦东陆家嘴金融贸易区。位于张杨路商业街东首紧邻世纪大道及地铁二号线，东起桃林路、南抵羽山路、西迄源深路、北至张杨路，总占地面积16000O平方米。中心内现已建成训练馆、室外网球场、室内网球馆、二万人体育场等设施。根据规划，中心还将再建游泳馆等体育设施，进一步完善硬件设施。中心内还设有宾馆、餐厅、会议室...,,,
嘉定安亭上海国际汽车城博园路（7575号） , 上海市嘉定区安亭博园路7575号 , 上海国际汽车城位于安亭地区，占地68平方公里，包括核心区、整车和零部件配套制造区、国际赛车场、教育园区和安亭新镇区等五大区域。汽车城的核心功能是利用上海中心城市综合功能，吸引国内外汽车厂家入驻，以汽车研发制造为产业依托，开展轿车、商用车、汽车零配件及二手车、电子商务等多种汽车贸易，以长江三角洲为核心形成低成本、高效率的汽车物流，大力发展汽车消费信贷、保险、租赁、维修、俱乐部等现代服务业，最终在国际...,,,
浦西洲际酒店 , 上海市闸北区恒丰路500号 , 繁华都市的璀璨明珠。位于闸北区的上海浦西洲际酒店坐落在市中心商业区，地理位置优越，交通便捷，上海火车站、城市轨道交通和地面高架道路组成的交通网络四通八达。上海浦西洲际酒店拥有533间豪华客房和套房，其中包括25间行政套房、3间复式套房、1间洲际套房及2间总统套房。此外，独栋的洲际行政楼内设有豪华宽敞的洲际俱乐部酒廊，配套设施一应俱全。酒店毗邻上海火车站及地铁站，距上海大剧院和静安寺仅2英里之遥；距...,,,
世博公园 , 上海市浦东卢浦大桥下、北邻黄浦江 , 上海世博公园处于城市中心区，黄浦江南岸，担负着与老城厢、外滩和陆家嘴一起，实现上海城市跨越浦江、塑造体现上海各个发展时期城市意象的功能。世博公园应以上海市公园绿地的现状和城市公园绿地系统结构出发，研究其在整体系统结构中所占的地位及作用，需要给城市提供优质的自然生态环境及人文景观，为城区市民创造出良好的游憩休闲场所，为城市提供“氧气库”和舒适、健康的外部休憩空间，可确定它为城市永久性的公园绿地。因此...,,,
800秀剧场 , 上海市静安区常德路800号（近昌平路） , “800秀”位于常德路800号，是集时尚秀展、创意办公和休闲娱乐为一体的高品质创意产业园。“800秀”紧贴地铁7号线，与静安南京路不足千米，独一无二的多功能秀场与南京西路CBD相辉映，吸引大量设计、公关、奢侈品以及时尚传媒业的合作入驻，使之成为上海国际时尚品牌的集聚和时尚产业链延伸的重要一环。,,,
场馆待定 , 暂无 , 场馆待定,,,
上海―兰会所 , 上海市黄浦区广东路102号（广东路四川中路） , 中国最具世界艺术品位的顶级会所。创立于2006年10月26日的兰。北京，由“当代世界设计师第一人”Philippe Starck历时两年精心设计完成，总投资3亿元人民币，开业后迅速成为中国最具世界艺术品位的顶级会所，同时也确立了俏江南集团在豪华会所服务市场的标杆地位。兰座落于北京长安街双子座大厦，西倚王府井黄金商圈，东临国贸核心地带，北抵尊贵使馆区，占地近6000平米，是一个综合艺术观赏、餐饮文化...,,,
虹口工人文化宫 , 飞虹路380号（近大连路） , 虹口工人文化宫位于虹口区工人文体活动中心内，活动中心东临大连路，南临飞虹路，占地15亩，总建筑面积1.3万平方米，是虹口区的标志性建筑之一。“文体活动中心”的三大服务功能：1、会务、会展 2、文化娱乐休闲 3、为劳模、职工提供便民利民服务以三大特色服务为主，形成集会议展示，文化娱乐，餐饮休闲，培训服务等为一体的，多功能的，多层次的职工文化活动中心。,,,
上海可当代艺术中心 , 长宁区凯旋路613号（近延安西路） , 上海可当代艺术中心前身是上海大明橡胶厂、始建于上世纪60年代。规划完成后的可当代艺术中心总建筑面积1200平方米。整个建筑通体3层，有KeSpace、KeStore、KeFresh三大艺术互动区域构成。KeSpace是视觉艺术与表演艺术展演的空间。KeStore聚集各个艺术门类的图书、画册、各类个性化艺术产品和多媒体视听作品。KeFresh提供新鲜、健康的风尚美食：湖面观景阳台闹中取静；小型的舞台...,,,
山海Live House , 澳门路477号中华1912文化创意产业园7号楼1层（近陕西北路） , 上海全新专业Livehouse，每天都有不同的主题派对，有新歌发布，有乐队，有变装PARTY，还有热舞DJ。,,,
外滩MJ98 Club , 外滩中山东二路575号（近东门路） , MJ.98 club是目前上海外滩唯一一家集CLUB，水吧，红酒雪茄吧，VIP包房于一体的规模最大的奢华顶级娱乐会所，其面积2400平方米，造价5800万人民币。以Michael Jackson 为创意的主题原始出发点，希望给曾经或者将来都将成为Michael Jackson粉丝的一个心灵上面的安慰，基于科技生物，时尚文化以及人物是当今时代的主要话题。,,,
CLUB G PLUS , 卢湾区兴业路123弄新天地南里广场6号楼5楼 , 新金碧辉煌CLUB G PLUS还开本地风气之先，重金引进全球最顶尖的“声、光、电”装置，打造了一支声学视觉的“超豪华梦幻明星阵容”：全套美国亚特兰大奥运会专用顶级音响EAW系统；国内首台德国全彩TRAM激光表演装置；强劲震撼的巨型LED显示屏，当仁不让地成为揉和“速度与力度”之电音舞场完美圣地・突破性的思维，最尖端的硬件装备，国际一线的音乐语言。,,,
上海世博会展中心（原世博园非洲联合馆） , 上海市浦东新区世博园内c区 , 非洲联合馆位于世博园区的C片区，建筑面积26000多平方米。以非洲联合馆为中心的非洲展区，是组织方在选址的最初就预留的宝地。它是整个世博会园区最佳选址之一，不仅拥有濒临黄浦江的极佳景观，还和每天上演精彩创意演出和多媒体秀的后滩地区仅十步之遥，而且紧邻一个主要的浦东出入口。交通尤其便捷，周围充满看点。非洲联合馆室内净高9米，每个国家占地面积约为250平方米，总用地面积3.45万平方米，大大超过前几届...,,,
水舍 , 毛家园路1-3号 , 纵览浦江美景，“水舍”毗邻老码头休闲创意园区，位于上海老城隍庙东侧的十六铺地区，也即是十八世纪上海停泊贸易的重点区域。酒店附近包括了十六铺面料市场和2010上海世界博览会浦西园区。这座古典建筑的历史要追溯到上世纪的30年代，其外观和内部的设计恰如其分地拿捏了承接过去与未来的理念，唤起尘封历史的真实味道。“水舍”的首要理念是为每一位酒店客人的所想所做提供创新的服务。其中，外滩第一台（Table No...,,,
震旦博物馆 , 上海市浦东陆家嘴富城路99号 , 黄浦江畔的文化宝盒---震旦博物馆震旦博物^以推广古器物学研究为宗旨，透过“料、工、形、纹”的学术研究，发现古器物永恒的人文精神与时尚美学。本馆是国际建筑大师安藤忠雄先生在国内设计、建造完成的第一座博物馆建筑，外观以玻璃帷幕建构成简约的几何形体，白天在阳光照射下，展现独树一帜的艺术风华；夜间透过照明，散发出低调柔和的光芒，犹如矗立江畔的文化宝盒。,,,
BOOM Shanghai , 上海市徐汇区淮海中路1131号 , BOOM Shanghai，先进的音响及灯光设备，为您带来时尚前卫的音乐，带您进入活力四射的动感之颠。,,,
幸福码头（futown） , 上海市黄浦区中山南路1029号幸福码头6号楼2F , 位于中山南路幸福码头的福滩Futown秉承了幸福码头的时尚与创意概念，并将其融入“福滩一号”的室内设计中，营造“fashion show舞台”。福滩1029时尚秀场作为上海新秀的商务会所，先前已经成功承接了各种企业的小型媒体发布会、产品推介、商务洽谈、培训讲座、派对酒会等。福滩总面积2388平方米，20间独立办公室，50平米超大会议室，2间标准会议室，设备一流图文制作中心，230平米的休闲商务区，...,,,
上海星火影剧院 , 上海市闸北区芷江西路1号 , 闸北区星火影剧院是一个有着近50年历史的老牌影剧院。上世纪八九十年代，星火影剧院在案例主题展演方面，在全国范围内具有一定的知名度。,,,
辰山植物园 , 上海市松江区辰花公路3888号 , 上海辰山植物园（Chen Shan Shanghai Botanical Garden）位于上海市松江区辰花公路3888号，于2011年1月23日对外开放，由上海市政府与中国科学院以及国家林业局、中国林业科学研究院合作共建，是一座集科研、科普和观赏游览于一体的综合性植物园。园区植物园分中心展示区、植物保育区、五大洲植物区和外围缓冲区等四大功能区，占地面积达207万平方米，为华东地区规模最大的植物园...,,,
江南三民文化村 , 上海崇明林风公路2201号（东平森林公园与前卫村之间） , 江南三民文化村位于崇明东平国家森林公园及前卫生态村之间，占地百余亩，以江南地区传统的民间、民俗、民族文化元素为主题，以衣、食、住、行、艺、玩、商为分类，是非物质文化遗产挖掘、展示和传承的重要基地。具有江南代表性的五十六种物品展示馆，寓知识性、文化性、史料性、趣味性、娱乐性为一体。文化村设八大功能区，三民文化展览馆主题鲜明，展品丰富、琳琅满目。美术馆、土布馆、手工艺馆、农特优馆乡风浓郁、风味独特。演...,,,
上海世博展览馆 , 上海浦东新区国展路1099号 , 2010年上海世博展览馆是一座设施先进、布局合理、节能环保、交通便捷、功能齐全的高规格、现代化、国际性会展场地。它毗邻黄浦江，位于世博轴西侧，紧临中国馆、世博中心、演艺中心，展览馆优越的区位，决定了其方便快捷的独特交通优势。上海世博展览馆占地11.5公顷，建筑面积17.1万平方米，地上建筑面积9.3万平米，由南、北入口大厅，中央大厅、一号、二号、三号展馆、贵宾接待区构成；地下建筑面积9.3万平米，...,,,
上海虹桥元一希尔顿酒店 , 上海市闵行区红松东路1116号 , 上海虹桥元一希尔顿酒店位于高速发展的虹桥经济技术开发区，地理位置优越。酒店拥有三座大楼，周围轨道交通便捷，四周云集各类高端时尚购物中心、娱乐设施。领馆别墅，高档住宅区近在咫尺。酒店拥有独具个性，布局时尚的客房和豪华套房。无论是一号楼内的标准双人房，还是二号楼内豪华房，或是三号楼内的行政客房，更有从79平方米至238平方米的套房分布于三座大楼之内。上海虹桥元一希尔顿酒店宴会厅面积达1,706平方米，...,,
工人文体活动中心 , 上海市虹口区飞虹路528号（近大连路） , 在市总工会及虹口区委区府关心支持下，虹口区工人文体活动中心于2005年投入使用。活动中心东临大连路，南临飞虹路，占地15亩，总建筑面积1.3万平方米，是虹口区的标志性建筑之一。活动中心毗邻虹口区政府大楼，紧邻“北外滩”开发区和杨浦区国际贸易区之侧，地理位置优越，交通便利，人气旺盛。“文体活动中心”的三大服务功能：1、会务、会展 2、文化娱乐休闲 3、为劳模、职工提供便民利民服务以三大特色服务为主，...,,,
Hollywood Shanghai , 徐汇区岳阳路46号（近东平路） , 好莱坞上海Hollywood Shanghai终于在上海市中心地带隆重开业了！Hollywood旨在为顾客提供充满创意，且别出心裁的派对活动。专业的服务以及上乘的质量正是俱乐部的宗旨。Hollywood Shanghai，由于其全新的品牌概念和精心设计的地理位置，将成为上海热爱夜生活的时尚人群不可避免的热门活动地点。,,,
创智环境戏剧沙龙 , 杨浦区淞沪路388号创智天地江湾体育场环廊（125-127单元） , 创智天地梦剧场于2010年10月落成，秉承“创新交流平台。乐活艺术中心”的社区理念，梦剧场希望打造成为上海东北片区文化和艺术的发生地。,,,
MISA陆家嘴主会场- 陆家嘴中心绿地 , 浦东新区陆家嘴东路160号 , 占地10万平方米的中心绿地位于延安东路隧道出口处，在陆家嘴金融中心区的核心部位，是上海规模最大的开放式草坪，被称为“都市绿肺”。陆家嘴绿地的草皮面积6.5万平方米，有的是从欧洲引进的冷季型草，四季常绿。绿地中央和北部点缀着垂柳、白玉兰、银杏、雪松等花、灌木、乔木类植物，充满着生机和活力。绿地进口以“春”为主题的塑像，由八朵绽放的钢结构“鲜花”组成。蜿蜒在绿地中的道路，勾勒出上海市白玉兰花的图案，恰...,,,
MISA黄浦分会场-外滩源（原联合教堂） , 上海市黄浦区南苏州路107号 , “外滩源”位于黄浦江和苏州河的交汇处，东起黄浦江、西至四川中路、北抵苏州河、南面滇池路，占地16.4公顷。区域内保留着一批建于1920年至1936年间的各式近代西洋建筑，为外滩历史文化风貌区的核心区域，是外滩“万国建筑博览会”的源头，也是上海现代城市的源头。我国近、现代的金融业和贸易业均从这里孕育发展并走向壮大。现存有15幢优秀历史建筑和一批建于20世纪二三十年代的风格多样的历史建筑。,,,
上海紫金山大酒店 , 上海市浦东新区东方路778号 , 上海紫金山大酒店是一家五星级酒店，位于浦东的繁华地段东方路上。酒店周围商务大厦众多，商业设施林立。地铁二号线在附近通过，交通便利。酒店拥有各类客房380间，其中套房22间，均可开窗通风，空气清新，有益健康。所有客房均高居25层以上，宾客可透过宽敞明亮的窗户，眺望百年老外滩和浦江两岸的景色，感受浦东金融贸易区的气息。客房内设计雅致，设施齐全，配有迷你吧、有线电视、保险箱、宽带网等，浴室备有生饮水、吹...,,,
IBIZA CLUB , 静安区江宁路428号1F , CLUB IBIZA处在江宁路和武定路相交的路口上，这里是上海内环线内为数不多的酒吧好地段，闹中取静，又不失人流。酒吧以经典蘑菇logo作为正门巨型装饰，内场以时下流行的简约装修风格为主，叠层复式的楼层设计，让酒吧内任何一个角落的客人都能看到舞台上的表演。灰色沙发，黑色穹顶，金属栏杆的独特搭配，形成幽静神秘的视觉体验，加上专门留给舞蹈人士纵情挥汗的巨型舞池，使整个CLUB IBIZA宛如灵兔般动静...,,,
Iface Club , 长宁区中山西路888号银河宾馆2楼 , 上海唯一大型主题交友俱乐部iFace Club，位于中山西路888号。复古兴时尚交际，怀旧兴现代纠结，典雅、潮流、激情、魅惑、颓废、悠闲、惊艳，兼收并蓄。总面积1100平方，风格迥异的十间豪华VIP包房可容纳300人的奢华娱乐交友空间，重金打造上海夜店新地标。,,,
上海浦东假日酒店东广场 , 上海浦东新区东方路899号 , 酒店坐落于高速发展的陆家嘴金融中心，前往上海浦东国际机场及虹桥国际机场皆享交通之便利，从酒店直达上海浦西商业中心仅需十余分钟，至浦东新国际博览中心仅十分钟车程，紧邻地铁4号线，交通便捷。酒店全新装修客房拥有独立宽敞的空间感，柔和明亮的光线、高亮通透的玻璃窗、线条简约稳重的家具摆设、超越视觉震撼的液晶电视，尤其是全透明方形卫浴空间及强力淋浴喷头极富设计感，套房内淋浴房与浴缸分开的设计更具人性化，从而...,,,
老码头阳光沙滩 , 上海市黄浦区十六铺码头滨江平台（近毛家园路） , 位于南外滩滨江的老码头阳光沙滩，总面积达到3500O，是上海唯一坐落于市中心黄浦江畔的人造城市沙滩，可在一览浦江美景的同时，享受钢筋水泥城市中的一抹清凉。老码头阳光沙滩同样也是家庭、朋友聚会的明智选择，更是夏日休闲降温的好去处。,,,
BROWN SUGAR , 卢湾区太仓路181弄新天地北里15号楼（近马当路） , Brown Sugar是一家久负盛名的台湾资深娱乐集团，凭借丰富的资源和行业经验，Brown Sugar旨在为对娱乐生活有更高追求的顾客带来专业的视听震撼以及细腻纯正的味觉享受。来自世界各地的乐手，具有国际水准的表演，别具一格的音乐盛宴。并伴有纯正的欧陆料理，精致的美食美酒，Brown Sugar为您呈现的将是所有感官的完美体验。Brown Sugar现场演出带来的世界级精髓，喜好音乐的人可以在这...,,,
鲁迅公园 , 上海市虹口区四川北路甜爱支路 , 鲁迅公园，原名虹口公园，位于上海市虹口区四川北路甜爱支路，占地面积28.63万平方米，始建于清光绪二十二年（1896年），是上海主要历史文化纪念性公园和中国第一个体育公园。地理位置优越，闹中取静，年游客量700多万人次。 园内有国家级文物保护单位，鲁迅墓、鲁迅纪念馆，震撼近代史的尹奉吉义举纪念地梅园。有山有水有瀑布，山水之间，堤桥相连，景色优美。总体上保留了英国风景园的特点。鲁迅馆内陈列品重点表现...,,,
上海汽车博览公园 , 上海市嘉定区安亭博园路7001号 , 上海汽车博览公园环上海汽车博物馆而建，位于上海国际汽车城核心贸易区南侧，西临墨玉南路，北接公园路，藻浜和吴淞江两条河流分别流经公园。 上海汽车博览公园是一个以汽车娱乐，汽车展览，汽车文化为主题的综合性公园，建设总用地面积为76.8万平方米。,,,
徐汇滨江绿地 , 上海徐汇区东安路与龙腾大道交界处 , 徐汇滨江绿地位于东安路延伸段与龙腾大道交汇处“林下休闲广场”旁，整个外滩滨江绿地以黄浦江为主，结合沿江建筑，传承历史，中西合璧，辅以丰富的树木、植被群落，已营造出一个“亲水、通透、美观”的沿江景观。由原上港六区北票码头煤碳传送带改建而成的420米长“海上廊桥”，是徐汇滨江最壮观景区，正立方攀援雕塑、“金鸡独立”攀援雕塑、气垫上攀援墙、廊桥步梯、空中连廊、纵横交错高架廊桥、廊桥一确缌Φ缱椋以及黄油...,,,
佛果VIRGO CLUB , 上海黄浦中山南路505号老码头11号 , 佛果VIRGO-CLUB 是近期新兴的几大潮人聚集地之一，由国内权威酒吧投资公司经历一年精心打造，为上海的炫丽夜生活献上又一全新力作。佛果，独具一格的品牌风格以及不可抗拒的奢靡氛围是带领您游走华立夜场的绝对之选，这里耐人寻味的迷离情调，令人目眩的热烈气氛，以及使您全情投入的绝佳音乐，都是为了时尚而独具品位的您量身定做。中国红的墙面配上老旧家具无不突显古典韵味，纯木的吧桌吧椅与华贵的沙发交织在一起，...,,,
上海浦东陆家嘴滨江大道 , 上海市浦东新区陆家嘴滨江大道 , 上海浦东滨江大道临黄浦江而建，全长规划2500米，一期规划建设1500米。93年建设了陆家嘴滨江大道210米样板段，97年完成了规划一期1500米。共动迁了10多家企业和码头。这是一个集观光、绿化、交通、防汛和服务设施为一体，着眼于城市生态环境和功能的沿江景观工程。滨江大道由亲水平台、坡地绿化、半地下厢体及景观道路组成。在亲水平台一侧逐渐升高的坡地上，花、灌木镶嵌在翠绿的草丛之中，高大乔木和茂密的...,,,
上海On Stage , 上海长宁区淮海西路570号红坊艺术文化社区A2 , 当代舞台艺术汇聚之地，上海现场演出新地标。,,,
龙华寺 , 上海市徐汇区龙华路2853号 , 龙华寺位于上海徐汇区的龙华镇，是上海地区历史最久、规模最大的古刹。相传龙华寺始建于三国，吴王孙权为其母所修，距今已有1700多年的历史，现存寺院为清光绪年间重建。如今的龙华寺早已成为了以古寺、古塔、龙华庙会、龙华晚钟构成的宗教旅游胜地。,,,
派对新地PartyTown , 上海浦东新区锦延路35号（近锦康路） , 派对新地由上海东方传媒集团（SMG）旗下炫动传播斥资打造，是炫动传播拓展动漫全产业链，涉足动漫文创商业和动漫文创地产的标志性项目。派对新地以自主动漫主题环境为空间特色。其中，“炫家”派对空间拥有数十间不同风格的动漫主题包间，集合了中国、日本、韩国、美国家喻户晓的动漫形象，包括沪上孩子们最为熟悉的哈哈少儿电视台的卡通快乐朋友“哈哈”的故事大王五彩空间，最适合小资闺密们时尚聚会的Hello Kitty...,,,
Mook Club , 上海市静安区南京西路758号5-6楼（近凤阳路） , 万众瞩目的殿堂级CLUB MOOK正式亮相申城，中国唯一拥有海外真正3D MAPPING、世界级大型DJ，让你感受真正的时尚和最前沿的视觉科技体验。,,,
X-Club 镭战主题酒吧 , 徐汇区肇嘉浜路366号裕华大厦B1楼(襄阳南路口) , 2011年4月1日，“X-CLUB镭战主题酒吧”在上海市徐汇区肇嘉浜路366号B1层正式开业。作为“X-CLUB”的中国区首家旗舰店，店方不仅沿用代表目前世界上最先进的LASER研发技术的澳大利亚中域集团所生产的镭射对战装备及最新的软件控制系统，更是引入了专门针对白领受众群的“happy hour”新颖经营概念模式，旨在为沪上白领打造一个下班后的休息娱乐新去处。,,,
上海海艺数字影城 , 上海市浦东新区华佗路280弄31号上海电影艺术学院 , 海艺数字影城，位于浦东张江高科园区内的现代化数字全3D影城，采用世界一流的巴可数字放映机，拥有四厅700座高档放映厅，最新一 代全主动式立体眼镜，尽享全新技术制造的3D视觉盛宴；其中拥有380座的一号厅配备了先进的超大全彩LED背景显示墙及专业的灯光系统和舞台音响，是最为先进的多功能影剧厅，可承接专业的舞台演出和企业年会。,,,
上海民生现代美术馆 , 长宁区淮海西路570号号红坊创意园区F座(近虹桥路) , 民生现代美术馆由中国民生银行发起成立，是一家立足于民间的公益性艺术机构，总面积近4000平方米，共5个展厅，同时配备报告厅、贵宾室、书吧、咖啡厅、文献阅览室等设施，为公众提供一个良好的艺术教育平台。地址：上海市淮海西路570号F座 红坊艺术园区内。开放时间：周二到周日 10:00 - 18:00 (17:00后停止入场)，周一闭馆。,,,
泰坦尼克展馆（原希腊馆） , 上海世博园C片区近北环路 , 希腊馆通过以人为本的途径来表达上海世博会的主题。POLIS，希腊城市，指的是“一个生活舒适的城市”，同时也指“一个充满活力和生气的城市”。 设计借用城市的架构，而非外壳的复制，诠释了城市的生活与功能，让人想起城市生活的快乐。它不仅展示了希腊的日常生活方式，更反映了希腊人对生活永不满足的追求。希腊的城市因其“民生”和“宜居条件”，以及能给其居民和游客带来“灵动”而闻名。,,,
上海婚礼中心 , 上海宝山区纪路458号(近南蕴藻路) , 上海婚礼中心地处宝山区庙行镇，位于共和新路以西，东高泾以东，藻浜路以南，该中心总建筑面积3.2万平方米，开业后可同时举办11场婚礼、接待500桌宴席，日均接待能力可达6000人次。该中心共有“金色大厅”和“帆船酒店”两个主体建筑。“金色大厅”共3层，底层连接室外的英式花园草坪，室内则是模仿奥地利维也纳金色大厅的 “剧场”，中央铺设有LED灯组成的30米“星光大道”，通往10米宽的“舞台”，舞台中央...,,,
长宁民俗文化中心 , 天山西路201号 , 长宁民俗文化中心隶属于上海市长宁区文化局，成为上海市第一个经营特色群众文化的事业单位，也是全国首家以民俗文化命名的主题文化馆。中心建筑面积6500平方米，馆舍面积5000平方米，内设影剧院、舞厅、梨园、茶室、阅览室、演艺排练厅以及文化展厅等活动阵地，还有哈哈镜、西洋镜、民俗老街微缩景观等参观游乐设施。馆内定期举办相声大会、戏剧欣赏、民间说唱、知识讲座、文化沙龙等等文艺活动。所有设施与文艺活动均对居...,,,
ZEAL , 上海市黄浦区中山东二路22号6楼（近金陵东路） , 南外滩22号是如今上海滩热门的话题建筑，而Zeal酒吧更是其中的亮眼明珠。从老外滩一直到老码头密布了无数时尚餐厅酒吧，这一带显然已经成为沪上时尚生活的中心。Zeal汲取了外滩Bar Rouge的奢华元素，并将其融入到现代都市时尚中，成为了城市夜生活的先锋之地。这个顶级酒吧已经吸引了一大批时髦人士蜂拥而来。,,,
Bar Rouge , 黄浦区中山东一路18号外滩18号7楼 , 触目可及的地方都是“妖媚”的红，因其店名就是法语的“红”。外滩18的好风景“闻名上海”，这里也“不例外”，站在露台吹着凉风，浦东的“繁华”尽收眼底。Bar里“随着音乐摇摆沉醉”的人，忘记滋味的酒，恍如梦境的上海一夜。,,,
当代运动馆 , 黄浦区外马路1353号7-8号楼(近南浦大桥) , 镭战大联盟（GLSA）于2006年在上海成立，是国内最早涉足真人CS镭战行业的企业之一，也是国内目前唯一集镭战运营、真人CS装备生产和研发三位为一体的商业实体镭战俱乐部，拥有申隆生态园等多处CS野战及户外拓展基地。业务范围涵盖镭战门店运营，镭战活动组织策划，镭战设备的研发生产，以及以镭战活动为平台的企业管理培训，商业赛事策划等衍生服务。,,,
Arkham Club , 乌鲁木齐南路1号（近衡山路） , ,,,
上海儿童艺术剧场 , 卢湾区局门路436号原世博园E片区上汽通用汽车馆(近苗江路) , 上海儿童艺术剧场（上汽荣威儿童文化中心）是在原世博会上汽集团-通用汽车馆基础上改建的全国最大的儿童艺术专业剧场，位于苗江路800号（近西藏南路、龙华东路路口），于2013年6月1日正式对外开放，并首演开幕大戏儿童音乐剧《成长的快乐》。中心剧场可容纳1088位观众观摩，拥有先进的装备和多样式的舞台，能为小观众们营造身临其境的梦幻效果。除此之外，剧场还设户外广场、电影放映厅和互动体验园等，让小观众在欣...,,,
上海飞行家主题乐园 , 上海浦东新区国展路311号 , 飞行家主题园――一双展示航空文化的巨翼，全国唯一以航空文化为传播核心，并外延辐射多个领域的航空文化推广平台，位于上海浦东新区国展路311号，原世博园区C05地块南侧，包含了原巴西馆、哥伦比亚馆、秘鲁馆、美国馆等世博场馆，占地面积近4万平方米。,,,
昆山亭林园 , 苏州昆山市马鞍山路1号 , 亭林园位于江南水乡昆山城内西北隅，园中玉峰山形似马鞍，百里平畴，一峰独秀。1906年始辟地为马鞍山公园，1936年为纪念爱国主义学者、思想家顾炎武（号亭林）改名亭林公园，2000年更名亭林园。占地850余亩，绿水青山，秀色相映。亭林园历史悠久，名胜古迹众多，素有“江东之山良秀绝”、“真山似假山”的美称。园中有昆曲博物馆、昆石馆、盆景园、华藏寺、儿童乐园以及顾亭林纪念馆、顾鼎臣祠堂。园内还有著名的玉...,,,
上海扬子江万丽大酒店 , 上海市长宁区延安西路2099号 , 上海扬子江万丽大酒店，位于虹桥开发区，经延安路高架至上海浦东国际机场和虹桥机场以及其它周边城市交通便捷，邻近上海国际贸易中心、国际展览中心和上海世贸商城等，酒店是有着现代典雅建筑风格的豪华酒店，其装潢陈设巧妙地融合了东西方的文化特色，拥有集舒适与功能性于一体的客房，设施完善的会议设施，以及多元化的餐饮服务，上海扬子江万丽，是商务出差、休闲旅游的理想选择。,,,
奉贤碧海金沙景区 , 上海市近郊奉贤区海湾旅游区海鸥路39号 , 座落于上海市奉贤区海湾旅游区，位于上海市南端，面向杭州湾，西毗上海化学工业区，东接临港开发区。拥有水域面积65万平方米，8万平方米的沙滩面积。碧海金沙是目前中国最大的人造沙滩海滨浴场，也是上海唯一一处碧波荡漾的蓝色海域。乐园内设有各类游艺项目：大海畅泳、水上乐园、水上自行车、水上休闲船、怀旧电影、儿童乐园。充沛的阳光、清凉的海水，凉爽的海风，金色的沙滩是夏季休闲渡假的好去处。,,,
星空剧场 , 上海松江新城泰晤士小镇626号 , 星空剧场坐落于上海泰晤士小镇文化创意园区，以“璀璨星空”的主题为设计风格，以“艺术性、创意性、专业性”的品牌定位，融合中外艺术文化，打造时尚高端的文化艺术平台。剧场设施星空剧场面积约350平方米，可容纳240名观众，拥有专业的舞台、灯光、音响系统及进口三角钢琴，还配备了数字电影放映设备 ，适合举行话剧、舞蹈、音乐会、文化讲坛、电影沙龙等各类艺术文化活动，能满足各种演出的需求。 剧场定位星空剧场以先...,,,
浦东三甲港 , 浦东新区华夏东路6015号 , 三甲港，位于浦东的“母亲河”川杨河入海口，拥有浦东新区唯一一段6公里长的生活岸线，那里水天相连，碧空万里，气候宜人。三甲港海滨旅游区以休闲旅游为主旨，高科技为载体、游客参与为手段，形成了具有海滨风光，现代建筑、田园气息、绿色天地等四大特色的，能够满足多层次需要的海滨游览胜地。,,,
上海国际会议中心 , 滨江大道2727号 , 上海国际会议中心位于浦东滨江大道，与著名的外滩建筑群隔江相望。她与东方明珠、金茂大厦一起组成陆家嘴地区的一道著名的景观。上海国际会议中心总建筑面积达11万平方米，拥有现代化的会议场馆：有4300平方米的多功能厅和3600平方米的新闻中心各1个，可容纳50-800人的会议厅三十余个；豪华宾馆客房，有总统套房、商务套房、标准间近270套；还有高级餐饮设施、舒适的休闲场所和600余个车位。1999年9月...,,,
上海市浦江镇沈杜公路召稼楼礼园 , 闵行区浦江镇沈杜公路召稼楼古镇内(陈南路陈中路) , 古镇召稼楼，西临黄浦江，中贯姚家浜，水道四通，利于农，便于商，适于儒，明清以来，物产丰盈，人文荟萃。公元二OO五年，列为上海市历史风貌保护区。今斥资修茸，并与清代奚氏仁善堂遗址新建一园，明曰：礼园。挹秀阁、望海亭点缀其间， 船舫、书楼、花厅一应俱全，曲径回廊，一步一景。前辟云、鹤二湖，中隔长廊，外连老姚家浜，复兴港曲水相通，纵横成网，诚江南园林之佳构也。,,,
上海世博中心 , 浦东新区世博大道1500号 , 世博中心位于世博园区B区滨江绿地内。总建筑面积约14.97万平方米，建筑群落由2个体块组成，东部为多功能区，地下一层，中间主体地上两层，两侧附房5层夹层，层面高度40米，西侧为会议区，地下一层，中间主体地上两层，两侧附房5层夹层，屋面平均高度40米，东西之间为顶部相接的2层连廊，下部为挑空的视觉通廊。世博中心作为世博永久性场馆中最重要的场馆之一，在世博会期间，将承担世博会庆典会议中心、新闻中心、论...,,,
上海月星环球港 , 上海市普陀区中山北路3300号(近宁夏路、金沙江路) , 上海月星环球港项目总建筑面积近50万平方米（其中地上部分近30万平方米、 地下部分近20万平方米），建筑总高度为248米。本项目地处中心城区静安、 长宁、普陀三区结合处。东接凯旋路，北临白兰路，南侧为宁夏路。上海月星环球港与轻轨3、4号线金沙江路站及已经建设的地铁13号线实现无缝对接；西边的中山北路和内环高架路是通往上海两大国际机场和长三角以南（杭 州方向）、以西（南京方向）地区的重要干线；南边宁...,,,
CLUB MYST , 上海市静安区延安中路1123号 , 城市是由人类的梦想建立起来的，有时候我们会忘记这一点。科技与时代飞速，城市便因此沦为钢筋水泥，炫耀金钱与地位的巨型玩具，毫无梦想与精神而言，我们忘了快乐与自由的真正意义。CLUB文化也大致相同，它只是一种享受方式，建立一种对话，感情容器，娱乐空间，成为一个释放与诠释的载体。昂贵的设配，奢靡的装修，顶级的酒水，就是最好的CLUB了吗？不是。上海夜店应该有新的代名词了。在派对告一段落，MYST时代仍在...,,,
闸北体育馆 , 闸北区中华新路475号(近共和新路) , 闸北体育馆位于闸北区南部地处中华新路共和新路，紧邻上海火车站，离市中心南京路步行街只有三公里。闸北体育馆有游泳馆、体育馆各一座，是集竞赛、健身、会务等为一体的综合性场馆。,,,
徐汇影剧场 , 徐汇区田林东路588号(近柳州路) , 徐汇影剧场于1996年从徐家汇搬迁至田林，丰富了田林地区人民的文化生活。2004年为进一步提升影院的档次，徐汇区文化局投入巨资对影剧院的设施进行全方位修缮，声光系统上配置了SRD数码立体声还音处理器，并采用了目前较为先进的双红光技术，提升了电影音响的高保真还音效果；观众厅添置了宽敞舒适的座椅，并配以绛红色的地毯，更显现了高贵典雅的气质，整体设计处处凸现了人性化的理念。,,,
Richy 酒吧 , 卢湾区皋兰路2号甲复兴公园内(近思南路) , Richy时尚酒吧2007年底在上海闪亮登场，是上海华敏达策划管理有限公司继Babyface，Luxe后的新酒吧，并迅速成为上海Hip Hop舞界的一大亮点，时尚潮人圈子里的新据点。在2012年11月，经过了四个月的升华装修，Richy再次引领国内Hip Hop文化，引入国际Hip Hop俱乐部体验，从装潢设计、音乐、私人派对和表演等方面：为各位热爱嘻哈文化，拥抱新潮品位的潮流人士带来一个个火热、...,,,
乌镇大剧院1 , 桐乡市乌镇镇西栅景区 , 乌镇大剧院，由国际知名的台湾建筑设计师姚仁喜设计。大剧院由两个大小不一的椭圆叠加而成，以“并蒂莲”为建造理念，寓意吉祥和喜庆。主舞台呈长方形，由3个升降版块构成，中间旋转舞台。位于舞台正对面的观众席可容纳1200人，分上中下3层，呈阶梯状，无论坐在哪个位置，观众的视线都不受阻。另外，位于舞台背面可容纳400 600的多功能厅在设计独具一格，即可独立使用，也可以与主剧场相通。大剧院的剧场集戏剧、音乐...,,,
上海东江体育俱乐部（浦东新区浦明路1888号） , 上海市浦东新区浦明路1888号 , 上海东江体育俱乐部位于浦明路1888号，坐落于美丽的黄埔江畔，地理位置优越交通便捷，距离陆家嘴金融贸易区仅5分钟路程，俱乐部是一家集高尔夫练习场，篮球场，网球场，室内游泳池，健身房，餐饮、酒店于一体的多功能全方位的俱乐部，已经建成并使用的高尔夫会所是一个综合性多功能的休闲会所，上下分3层。包含100根标准练习球道，10间VIP包间，高尔夫学院，切推杆果岭，沙坑练习一应俱全。并有咖啡厅，高尔夫专卖店...,,,
博大汽车公园 , 上海市浦东新区国展路189号 , ,,,
上海国际时尚中心 , 上海市杨浦区杨树浦路2866号 , 坐落于上海市杨浦区的上海国际时尚中心将打造成全球“第六时尚之都”，为契合市政府将上海打造成继美国纽约、法国巴黎、英国伦敦、意大利米兰和日本东京全球五大“国际时尚之都”之后又一时尚都会的目标，其被定位为国际时尚业界互动对接的地标性载体和营运承载基地。世界五大“时尚之都”代表机构都将入驻上海国际时尚中心。该中心将具备时尚多功能秀场、接待会所、创意办公、精品仓、公寓酒店和餐饮娱乐等六大功能；将是上海乃至...,,,
韩国国际会展中心（重复） , 韩国首尔京畿道高阳市 一山西区大化洞 , 韩国国际会展中心KINTEX在2005年4月29日正式对外开放，作为整体三个阶段的第一阶段事业，在6万8千坪的土地上建造了3层高的展览、国际会议设施。室内的展览面积为53,975O，分为5个展厅，室内总面积达53,541O(足球场的6倍)的超大规模展览中心。,
上海市松江区方塔园 , 松江区松江中山东路235号(近方塔南路) , 上海松江方塔园位于松江镇中山东路南侧，是一座80年代初新建的却又具有古典风格的园林。设计者为同济大学建筑与城市规划学院冯纪忠教授。据考证，方塔园正好坐落在历史悠久的唐宋时期的华亭县城中心。建方塔园时，在地下约二公尺深处发现了分布较广的大量唐宋遗物和一条东西向的唐代市河部分驳岸等遗迹。,,,
风云电竞馆(原世博综艺大厅) , 上海市鲁班路899号 , 上海风云电竞馆（简称“风云电竞馆”）是上海游戏风云文化传媒有限公司打造的全国乃至世界首个专业的电子竞技比赛场馆。场馆坐落于上海卢湾区浦西世博园区，鲁班路899号；场地宽阔，占地一万余平米，拥有两千余个可排布的观众席位，技术配置专业高端，是中国电子竞技爱好者比赛的重要胜地。,,,
金山区体育中心 , 松卫南路1700号 , 金山体育中心将作为金山区集运动、健身、休闲、娱乐、办公于一体的多功能中心，以具有现代化的体育、休闲和办公功能及设施，成为实现“每个人运动休闲权力”的城市主题公园。金山足球场可容纳3万人，其功能和设施都按照国际足联对场地的专业要求而建。另外，球场整个音响系统采用中央网络数字化控制，是国内继上海虹口足球场、天津泰达足球场之后建造的第三座专用足球场。金山足球场还将作为上海市足球协会足球训练基地，发挥其独...,,,
CA Club , 太仓路181弄15号 , 黄浦区 黄陂南路站 k11购物艺术中心 酒吧,,,
哈哈欢乐城堡 , 锦延路35号(近锦康路) , 介绍派对新地主题KTV位于浦东锦延路35号（张家浜创意街），毗邻上海科技馆，户外优美如画，拥有上海市中心难得一见的河畔景观。派对新地主题KTV拥有“海洋冰山”主题餐厅，另有动漫主题的派对空间、沪上主题音乐香槟吧、炫库动漫精品零售区，给您超凡的派对一站式体验！炫宴餐厅以意式餐厅为主，伊比利亚火腿、用料火爆的香荤披萨、万般风情的美味意面、精致健康的派对小食……派对新地的每道菜式都采用天然、无添加的食材...,,,
锦辉演艺空间 , 浦东张杨路400号 , 锦辉演艺空间陆家嘴CBD戏剧新浪潮话剧liveshow娱乐新境界,,,
M2 , 淮海中路283号南座4F (香港广场) , M2继承了香港广场高贵的品味和Muse魅惑的气质，加入了国际顶尖的设计和理念，带给流行人士一个巨大的冲击。M2 club系英舜餐饮管理有限公司，是一家中外合资的有限公司，由其总经理Thomas Yeung以及副总Ivan Huang一手经营，不仅有成熟先进的管理理念，更为下属员工建立了非常优越的工作平台和晋升机制。M2 club拥有一支强大的管理团队，其中大部分都是从上海著名酒吧和俱乐部筛选出的精...,,,
The 7th Floor 七楼 , 上海市黄浦区淮海中路8号兰生大厦7楼（近柳林路） , Club The 7th FloorNo. 8 Huaihai Middle Road, Lansheng Plaza, Shanghai, China
上海动漫博物馆 , 上海市浦东新区张江路69号 , 上海动漫博物馆简介,,,
在上海市委宣传部、市文广局、市文管委、市科委、市发改委和浦东新区政府的指导和支持下，由上海张江文化控股有限,,,,,
公司投资的上海动画、漫画博物馆（统称：上海动漫博物馆）于2010年4月22日在上海浦东张江高科技园区内落成。,,,,,
上海动漫博物馆共有3层，约7000平方米。博物馆以“动漫、体验、科普”为核心，以科普性、互动性、趣味性为特色，内,,,,,
设历史展呈馆、互动体验馆、多功能3D影院...,,,,,
MUSE , 上海市北京东路99号5楼 (益丰 外滩源) , 上海市北京东路99号5楼 (益丰 外滩源),,,
上海浦东展览馆 , 浦东新区合欢路201号(迎春路口) , 浦东展览馆拥有三层楼面15,000平方米总面积，适合举办各种活动、展览与会议，并可容纳20,000 人次参观者。从完全的空间到全套的装饰布置，其内涵让您难以忘记。,
从2006年9月，GL events 从浦东政府接管浦东展览馆以来，在这里成功举办了众多的高端活动、展览和会议：皆喜婚礼节，spinexpo国际流行纱线展，轩尼诗旋音之夜（连续三年），卡地亚Balloon Bleu 之夜，2007 中...,,,,,
上海万豪虹桥大酒店 , 上海长宁区虹桥路2270号 , 上海万豪虹桥大酒店位于距虹桥开发区中心3公里处，靠近上海世贸商城及国际展览中心，10分钟便可抵达光大会展中心，瞬间可至虹桥机场，经延安路高架可达市中心、外滩及浦东机场。在酒店的正对面是新建成的双层7000平方米的国际农展中心，可举办各种展览。上海万豪虹桥大酒店拥有豪华客房、套房及行政楼层；180平方米的复式套房及411平方米的总统套房。所有房间内均配有中央空调系统、电子保险箱、迷你吧、豪华浴室兼备...,,,
沃弗1846 , 外马路601号靠近毛家园路 , 沃弗1846项目一期勾勒了近10万平米的商业平台，加上外马路二期的商业项目，将扩展为近20万平米的商业平台，这里将一跃成为外滩最新的时尚休闲地标。船锚、老沙船、搬运工人这些上世纪30年代上海老码头的标志，都将以雕塑、老照片、旧物展览的形式，在“沃弗1846”的户内外空间进行展示。,,,
美罗城 , 上海市徐汇区肇嘉浜路1111号 , 位于上海市肇嘉浜路1111号，由新加坡BJ建筑设计事务所和上海华东建筑设计研究院共同设计，上海美罗城文化娱乐有限公司和上海汇美房产有限公司由上海徐家汇商城（集团）股份有限公司和新加坡美罗控股公司合资合作组建，成立于1993年4月。,,,
芮欧百货 , 南京西路1601号(近常德路) , 芮欧百货地处上海市静安区精华地段，座拥时尚、创意、文化交汇的南京西路，临近拥有百年历史的老上海时尚圣地百乐门，直接与地铁2号线与7号线以及机场航站楼的出口相接，与南京西路静安寺商圈沿线的高端购物中心及百货公司遥相呼应，共同呈现最摩登的生活理念。此外，静安公园亦与芮欧毗邻而居，绿荫环绕的天然景致触手可及。,,,
芮欧百货的项目建筑由国际著名的株式会社久米设计操刀，商场设计由株式会社评好负责。芮欧的外观设...,,,,,
上海光大会展中心 , 徐汇区漕宝路88号西馆2F、3F , 上海光大会展中心总建筑面积24万平方米，由东、西两翼组成，并以空中走廊相连接，东馆为三组六幢高30层连体式大型综合建筑，包括3万平方米展览会议场馆，4万平方米四星级宾馆以及办公楼、公寓楼及酒店式公寓。西馆是一幢三层大空间的标准展馆。 上海光大会展中心位于徐汇区腹地，北面是上海城市副中心徐家汇、上海体育城；南有锦江乐园、南方商城；西面是上海最早的国家级高新技术开发区漕江泾；东面则与上海著名旅游景点上...,,,
海上阿叔(黄浦店) , 黄浦区延安东路222号外滩中心B1楼(近江西中路) , 海上阿叔黄浦店是沪上知名的本帮菜餐厅，深受到了各界食客的推崇，像国际著名小提琴演奏家帕尔曼、著名作家金庸、余秋雨、香港前特首董建华都曾先后慕名去餐厅尝鲜，对“食尚中菜”更是赞不绝口。餐厅环境以红色、金色为主基调，极尽雍容华贵之感；挑高二层的宴会厅，共可容纳30桌婚宴，宽敞大气，气派不凡；位于中央的舞台由金色水晶帘围绕，成为全场瞩目焦点；中庭悬挂的大红宫灯，更显喜庆祥和的氛围。招牌菜松仁排骨、古法盐...,,,
静安嘉里中心 , 上海市静安区南京西路1515号 , 静安嘉里中心是上海静安区的首个大型综合项目，位于南京西路和常德路交汇处的中心地段。紧密联结上海市中心的生机活力，静安嘉里中心距离虹桥机场20分钟的驾车路程，距离上海火车站只需驾车10分钟，占据极为优越的地理位置，以满足节奏快速的现代生活。项目与众多公共交通无缝连接，直接位于上海地铁二号线及七号线出口。,,,
东面有恒隆广场、梅龙镇广场，西面有历史建筑静安寺和静安公园，上海展览中心正对面，静安嘉里中...,,,,,
上海唱吧加空间 , 塘子泾路228号 , 塘子泾路228号,,,
上海老码头黄浦江畔（外马路543号甲） , 上海老码头黄浦江畔（外马路543号甲） , 上海老码头黄浦江畔（外马路543号甲）,,,
浦东滨江金融广场 , 银城中路9号 , 银城中路9号浦东滨江金融广场,,,
西岸艺术中心 , 龙腾大道2555号 , 西岸艺术中心 西岸艺术中心坐落于上海市徐汇区滨江“西岸文化走廊”的核心位置，东靠龙腾大道，西邻云锦路，总建筑面积达10800平方米。 艺术中心由原上海飞机制造厂房改建而成，一方面通过保留原厂房大跨度空间的完整性，展现了原有空间的震撼力，凸显出新旧交合的时间印迹。另一方面，东、西立面山墙的打通处理，也喻意着这座有着工业遗迹感的建筑将以全新的姿态向城市开放。 中心目前分为一层、二层两大主展示空间，总门...,,,
松声马术俱乐部 , 奉贤区奉贤区人民塘东路621号(近浦星公路) , 上海松声马术俱乐部，是一所以四星级标准兴建的集马术运动、休闲娱乐、旅游度假、马术比赛、商务会议为一体的大型现代化马术俱部。 俱乐部住地宽广，环境优雅，设计独特，整体以中式徽派古典园林风格为基调，占地总面积为10万平方米。现拥有国际标准障碍赛场、室外练习场、室内灯光舞步练习场、两个马匹调教场（直径分别为15M和20M）、速度跑道、餐厅、咖啡屋、茶室酒楼、豪华桑拿房、棋牌室、卡拉OK厅、桌球房、网球场...,,,
上海艺术礼品博物馆（天山公园内） , 上海市长宁区延安西路1731号天山公园内 , 上海艺术礼品博物馆，是中国国内第一家以艺术礼品为馆藏特色的专题性博物馆。该馆由上海市创意产业协会、上海创意产品开发中心等单位发起筹建。博物馆馆名由中国国家博物馆馆长吕章申先生题写，并在上海世博会期间被上海市妇女联合会、上海市长宁区人民政府等单位指定为官方外事接待点。博物馆成立至今，先后举办了著名舞蹈家杨丽萍服装设计展，梁思成、林徽因珍藏艺术展，陈佩秋书画展，吕章申、卢辅圣、黎铿“三峰映秀”展，第二...,,,
碧海金沙(上海市奉贤区海湾旅游区海涵路6号) , 海湾旅游区海涵路6号 , “碧海金沙”，座落于上海市奉贤区海湾旅游区，位于上海市南端，面向杭州湾，西毗上海化学工业区，东接临港开发区。拥有水域面积65万平方米，8万平方米的沙滩面积。碧海金沙是目前中国最大的人造沙滩海滨浴场，也是上海唯一一处碧波荡漾的蓝色海域。乐园内设有各类游艺项目：大海畅泳、水上乐园、水上自行车、水上休闲船、怀旧电影、儿童乐园。充沛的阳光、清凉的海水，凉爽的海风，金色的沙滩绝对是你休闲渡假的好去处。,,,
虹桥当代艺术剧院 , 长宁区仙霞路650号长宁文化艺术中心2楼 , 长宁文化艺术中心影剧院座落于仙霞路650号，处于长宁区休闲娱乐地段,交通便利，周边是上海虹桥经济技术开发区、古北开发区和长宁区临空经济园区，外围是豪华别墅和众多高级住宅区，入住了许多中外白领阶层的人士。文化中心的建成集中了众多上海知名建筑师的智慧，整个建筑格调简洁明快，精致而不失豪华，是一所较具现代化的新型文化设施。,,
襄阳公园 , 徐汇区淮海中路1008号(近襄阳北路) , 襄阳公园大门地址为淮海中路1008号，南临淮海中路，西为襄阳北路，北界新乐路，占地22066平方米。原址原是农田及墓地，其中有江阴颜料巨商薛葆城的墓园。1938年，法租界当局公董局购置的土地作为新建办公楼的地基。,,,
MOVIE COFFEE电影主题音乐酒吧 , 番禺路390号时代大厦1楼 , MOVIE COFFEE电影主题音乐酒吧
沪西大剧院 , 上海普陀区武宁路205号 , 沪西大剧院隶属上海市总工会，毗邻沪西工人文化宫。2010年7月全新开业，拥有1000个座位，配套功能完善，餐饮、停车便利。演出场所地址、附近交通、乘车线路、简易地图演出场所：沪西大剧院剧场地址：上海市普陀区武宁路205号（近东新路）轨道交通：地铁三、四、十一号线曹杨路站自行驾车：中山北路武宁路向南500米公交巴士：01、36、40、44、62、63、69、94、105、106、136、224、55...
上海明捷万丽酒店 , 上海市普陀区铜川路50号 , 上海明捷万丽酒店位于真如副中心，一座集高档住宅、办公楼、酒店、商业于一体的大型多业态的都市综合体，与七号地铁线岚皋路站直接毗连。酒店拥有时尚雅致的客房及套房，设有国际风味的创意美食令您的每一餐都充满惊喜，另有24小时健身中心、室内游泳池、蔓达梦水疗。1029平米的创意组全会议空间可满足您不同的会务需求，专业的宴会统筹团队由始至终为您带来完美无暇的会议体验。
悦达889商业广场 , 上海市静安区万航渡路889号 , 悦达889广场，位于上海市曹家渡地区，是一个时尚购物广场，它具有创意购物环境，亚洲首创的“幻影云顶”；拥有绿色环保空间，陈列架及墙面装饰采用旧船板、椰子壳、回收砖、旧木板等材料制成；还具备夺人眼球的科技噱头。
上钢三厂 , 龙滨路18号 , 上海上钢三厂（龙滨路18号）
正大乐城 , 中山南二路699号 , 正大乐城－－正大商业集团第二个项目，项目位于中山南二路东安路路口，定位中高端，开业后为上海首个女性消费主题的购物公园。
茄子喜剧中心 , 黄陂南路700号D栋底楼 , 卢湾区黄陂南路700号D栋底楼(建国中路合肥路间)
东方明珠 , 浦东新区浦东世纪大道1号(近二号线陆家嘴站) , 上海东方明珠广播电视塔又被称为东方明珠塔，塔高468米，位于上海黄浦江畔、浦东陆家嘴嘴尖上，1991年7月30日动工，1994年10月1日建成。东方明珠塔是上海国际新闻中心所在地，它犹如一串从天而降的明珠，散落在上海浦东这片土地上。经过阳光的洗礼，闪耀着璀璨的光芒，是上海标志性的建筑。
华东师范大学逸夫楼报告厅 , 普陀区中山北路3663号 , 逸夫楼报告厅位于华东师范大学校园内的学术交流中心，是承担学校对外进行文化、学术交流接待服务等社会业务，是学校接待中外宾客的主要场所和重要窗口。 逸夫楼报告厅可容纳210人左右，环境高雅，设施先进，曾成功地组织和接待了汉语桥、城市园林与城市生态国际研讨会、欧盟东扩问题讨论会等国际、国内的大型会议和学术交流活动。
玫瑰里 , 上海市秦皇岛路32号E栋玫瑰里 , 玫瑰里位于上海市秦皇岛路32号E栋
浦东嘉里城 , 上海市浦东新区芳甸路1155号 , 浦东嘉里城位于上海市浦东新区芳甸路1155号
佳都剧场 , 上海长宁区延安西路719号(丁香花园) , 佳都剧场位于延安西路719号佳都大厦四楼(近江苏路），周围写字楼、商务楼宇林立，是隐匿于写字楼中的小剧场，剧场交通方便，紧邻地铁2号线，11号线江苏路站。场馆环境淡雅、功能齐全，可同时容纳200人观看演出，除了常规剧场配备的灯光与音响以外，佳都剧场还配备了LED电子屏、LED舞台效果灯等高端设备，适于各类现代化中小型演出。剧场与同位于佳都大厦内的“陆汉斌打字机博物馆”“上海紫泥公社”等一起构成了集...
拉法耶艺术设计中心 , 上海市黄浦区复兴中路323号，新天地地铁站2号口 , 拉法耶艺术设计中心位于上海市黄浦区复兴中路323号，新天地地铁站2号口
D6空间 , 安福路288号话剧大厦6层 , “D6空间”位于话剧艺术中心6楼，是以时尚性、先锋性、多媒体为特点的多功能演出交流场所。其总面积超500平方米，由宽敞明亮的互动剧场和格调高雅的休息厅组成，并配备设施齐全的灯光音响操作间和演员化妆间。
互动剧场空间宽敞，可容纳近300名观众，观众席可自由排列，场内设有先进的音响灯光设备及可自由组合的中心舞台，操作灵活简便，可适应多样化的演出需求。
安达仕酒店 , 上海是黄浦区嵩山路88号 , 安达仕酒店位于上海是黄浦区嵩山路88号
M1NT , 福州路318号高腾大厦24楼(近山东中路) , M1NT位于上海黄浦区福州路318号高腾大厦24楼(近山东中路)
青浦区体育馆 , 上海市青浦区体育场路388号 , 上海市青浦区体育馆位于上海市青浦区体育场路388号。
长风景畔广场 , 上海普陀区大渡河路196号（近云岭东路）长风景畔广场2楼 1000平米室内主题馆（长风公园对面） , 长风景畔广场位于上海普陀区大渡河路196号（近云岭东路）。
The Pearl (上海市) , 虹口区乍浦路471弄，近武进路 （地铁十号线四川北路站附近） , 虹口区乍浦路471弄，近武进路 （地铁十号线四川北路站附近）
Cavalia白色顶棚（全球最大的移动帐篷） , 世博板块中国馆旁，中华艺术宫南面 , 世博板块中国馆旁，中华艺术宫南面
K11美术中心 , 上海市黄浦区淮海中路300号 , 中国内地首个K11购物艺术中心――上海K11购物艺术中心坐落于淮海路的黄金地带，地下三层至地上六层，面积约40000平米，周围配套商业设施成熟。秉承品牌“艺术・人文・自然”三大核心元素相融合的核心价值，上海K11全力打造最大的互动艺术乐园、最具舞台感的购物体验、最潮的多元文化社区枢纽。
伟成国防教育基地（青青旅游世界） , 洞泾镇辰花公路388号（近沪松公路） , 伟成国防教育基地（青青旅游世界）
锦江乐园 , 闵行区虹梅路201号 , 锦江乐园是中国上海第一家大型现代化游乐园，占地面积170亩，共有40项游乐项目，适合各种年龄游客游玩，每年接待游客100万人次左右。1998年共投资9000余万元，相继建成了全国独创的具国际水平的"欢乐世界"和"峡谷漂流"两项目，大大改变了锦江乐园的面貌，使锦江乐园的吸引力明显增强。
长泰广场 , 浦东祖冲之路金科路 , 长泰广场位于浦东新区张江板块，2号线地铁上盖，地理位置优越，交通网络四通八达，车行30分钟即可融入人民广场商圈、浦东陆家嘴金融中心。长泰广场总建筑面积32万平方米，是区域内的超级商业综合体。未来它将主要服务张江、联洋、碧云、世博等板块，而这些区域正是精英圈层主要聚集地，消费群体呈现出高学历、高收入、高购买力三大特征。数据显示，有近75万高端群体会成为长泰广场的主要消费者。
绿林大冒险主题乐园剧院 , 上海市普陀区大渡河路196号（近云岭东路）长风景畔广场2楼 , 长风景畔广场位于上海市普陀区大渡河路和云岭东路交叉路口西南角，是长风生态商业区的首家大型国际化区域性购物中心，建筑面积约126000平米，总商铺数量超过150个，地下停车位数量大约650个。
长风景畔广场坐落于上海市普陀区西部长风生态商业区，临近5公里商圈辐射超过160万消费人群，同时覆盖多个中高端居民住宅区和数十栋商务办公大楼。作为区域购物中心，它聚集了城市最繁华的商业，同时又满足了附...
泰迪之家体验馆 , 世博大道1368号世博源内4区L201-04 , 泰迪之家3000平方米的互动体验馆，是继田子坊、嘉里城、1885主题餐厅后的第一个转型文化产业的新坐标，集展览、互动娱乐体验、DIY制作、餐饮、衍生产品零售于一体。“泰迪之家”传递了百年悠久的泰迪文化，收藏了来自世界各地极其珍贵的限量版泰迪熊， 更让人们在休闲欣赏的同时，体会泰迪熊的精神品格， 参观中，轻松获得愉悦身心的快乐体验。
上海浦东三甲港海滨乐园 , 华夏东路6015号(近浦东国际机场) , 上海三甲港海滨度假乐园位于上海华厦文化旅游开发区，长江之口，东海之滨，毗邻浦东国际机场，是浦东新区唯一可开发利用的生活海岸线，天高地阔，空气清新，水天相交，风光旖旎，自然条件得天独厚。
上海犹太难民纪念馆 , 上海市虹口区长阳路62号 , 该纪念馆是犹太摩西会堂旧址，始建于1927年，由俄罗斯犹太人集资将原来在其他地方租屋建造的摩西会堂迁入，成为一所供俄罗斯犹太人和中欧犹太人使用的会堂。
LINX（重复） , 卢湾区淮海中路98号金钟广场 , linx位于卢湾区淮海中路98号金钟广场
松江月湖雕塑公园 , 林荫新路1158号 , 月湖雕塑公园位于上海市松江区佘山国家旅游度假区内，环湖而建，是由台湾金宝山集团总裁曹日章先生出资修建的一座集自然风景与现代造景艺术相结合的雕塑艺术园区。园区共占地1300亩，一期1000亩，其中月湖面积465亩，沿湖腹地500余亩。
上海滩运动公社（原上海瑞可碧橄榄球俱乐部） , 浦东新区张扬北路2700号(近地铁6号线五洲大道站) , 上海瑞可碧橄榄球俱乐部（SRFC)是上海地区首屈一指的户外体育俱乐部，位于外高桥森兰绿地体育公园，紧邻地铁6号线五洲大道站。俱乐部占地7万平方米，其中包括4万5千平方米的天然草皮绿茵球场，一个FIFA标准的灯光人工草皮足球场，以及超过1千平方米的俱乐部会所和一些其他的硬件设施。迄今为止俱乐部已经成为许多运动团体的主场，诸如：足球、英式橄榄球、板球、轻触式橄榄球、澳式橄榄球、极限飞碟、美式橄榄球、棒...
上海浦东新区临港办公中心 , 申港大道200号 , 上海浦东新区临港办公中心五层报告厅
Listen Live House , 万荣路700号C6(灵石路红灯口全家超市旁-正门入口) , 万荣路700号C6(灵石路红灯口全家超市旁-正门入口)
MODU CLUB , 上海市黄浦区淮海中路527号5/6楼 , 上海市黄浦区淮海中路527号5/6楼
上海大学（宝山校区）体育馆 , 宝山区上大路99号上海大学东门(近南陈路) , 上海大学体育馆(宝山校区)位于聚丰园路88号上海大学新校区东门，是学校体育场馆，于2001年底建成，对外开放。体育馆占地面积10478平方米，建筑面积10196平方米，场地面积1750平方米，观众席4200座，投资6000万元。体育馆曾承接过全国女篮联赛，是上海女篮的主场，平时馆内被划分为15块标准羽毛球场地，供教学和学生平时锻炼使用。羽毛球场最受欢迎，“宽敞”、“明亮”，最好“提前预订”。还有游...
凯德虹口龙之梦 , 西江湾路388号虹口龙之梦2楼南连廊、3楼南连廊 , 凯德龙之梦虹口坐落于上海虹口核心区，地理位置得天独厚。轨道交通8号线直达商场地下二层，轻轨3号线直通四层；真正实现两条轨交线的零换乘，商场第三层与著名的虹口足球场相联通，一层更“ 植入”大型公交枢纽站（包括6条始发公交线路和多条过境线路）；周边内环高架四通八达多维立体化的设计，聚集八方人气，成为该区最醒目兴旺的时尚地标与都市现代化生活的新枢纽。
IC运动空间世博旗舰店 , 塘子泾路228号（世博体育公园） , 上海市浦东新区塘子泾路228号（世博体育公园）
外滩十八号4楼 , 中山东一路18号外滩18号4楼 , 上海黄浦区中山东一路18号外滩18号4楼
金山文化馆 , 石化蒙山北路280号 , 金山文化馆位于金山区石化蒙山北路280号。
江川剧场 , 江川路344号商影大厦3楼(近红园路) , 江川儿童城三楼的江川剧场原名闵行剧院，自1962年建造后传承至今，现为提供更好的儿童服务，于2014对舞台灯光、音响设备等进行了一系列的改造，改造后总面积900平方米，座位数419座。优秀的儿童剧目和文艺活动将成为剧场的特色和实力品牌，针对儿童需求的各色演出服务会是儿童城的组成部分。
百老汇移动剧院 , 上海浦东新区洪山路停车场（洪山路雪野路交叉口，中华艺术宫南面） , 百老汇移动剧院位于上海浦东新区洪山路停车场（洪山路雪野路交叉口，中华艺术宫南面）。
泰晤士小镇 , 上海市松江区三新北路900弄 , 泰晤士小镇由上海松江新城建设发展有限公司，联合上海恒和置业有限公司等几家大型房地产开发企业携手打造。整个小镇承接英国阿特金斯集团鼎力规划。还邀请到营造国家大剧院内外装饰工程的香港建设有限公司参与全程监造。汇聚来自国际各方的共同智慧，泰晤士小镇荣获了上海市2004最具投资潜力楼盘称号，各种英式建筑，已在泰晤士小镇初显风貌。 情系英国，生活在泰晤士小镇 上海"十五"期间重点建设核心项目。
...
Jump360上海虹桥馆 , 上海市闵行区纪翟路1408号（BYD厂房旁） , Jump360坐落于上海闵行区，占地面积5000平方米，可同时容纳百余人，是目前世界上最大的以极限蹦床为主题的室内游乐场，拥有丰富的蹦床项目。
梅龙镇广场 , 上海市静安区南京西路1038号 , 梅龙镇广场位于南京西路江宁路交汇处，由和记黄埔投资开发。 裙楼中是著名的伊势丹百货，众多国际大牌青睐于此，为其增添了些许贵族气息。人流流动率高，所有对于物业管理提出了较高的要求。梅龙镇广场从外观来看大厦并不出众，甚至稍显老旧，但大堂和电梯厅都采用了暖色系石材，带给来宾温馨怡人的体验。
梅龙镇占地125,000平方米，建筑采用"现代经典设计概念"，外观以柔和浅杏色为主，配上雅致几何图案。办公楼采用...
上海香港广场 , 上海市黄埔区淮海中路282-283号 , 香港广场坐落于上海市的黄金地段――淮海中路，堪称“核心中的核心”。香港广场交通方便，四通八达，尽享地利。数分钟车程可到外滩，旁边即是地铁一号线黄陂南路站，上成都路高架和延安路高架可达南京路、虹桥机场和上海火车站。香港广场南座高级办公室占32层，每层1,272平方米，分为八个单位，面积由92到212平方米。办公室正门入口雄伟典雅，云石电梯大堂，华丽堂皇；特设有邮件处理室及二十四小时严密保安，全面采用...
上剧场 , 上海市徐汇区肇嘉浜路1111号美罗城5楼 , 徐家汇“上剧场”位于美罗城5楼，高18米，面积2500平方米，设有近700个座位，将与大众书局、上影国际影城三位合一构成美罗“艺文廊”。
波兰倒置屋 , 上海市金山区枫泾镇中国农民画村 , 倒置屋是一幢上下二百多平方米的钢木结构别墅，也是世界上唯一一个上下两层有不同倾斜方向的建筑。游客还可在景区享受特意制定的“颠倒人‘身’，品尝中西美食”之旅。
东方路1号其昌栈码头 , 滨江大道1658号 , 东方路1号其昌栈码头
Rolling Music 音乐教室 , 上海静安区镇宁路200号 , Rolling Music 音乐教室位于上海静安区镇宁路200号西峰！
夏加儿美术教育 , 上海市杨浦区国顺东路800号东楼502室夏加儿美术教育（靠近双阳北路） , 夏加儿美术教育基地是专业的少儿美术培训连锁机构，拥有完整的教学体系。基地专为2~18岁学习视觉艺术少儿开设绘画启蒙、油画、版画、素描、色彩、国画、书法、手工、陶艺、国际动漫等课程，所有课程安排均按照艺术院校的科目架构设置，以先进的教学理念，规范系统的教学体系和国际化视野，培养少年儿童步入一个丰沛、睿智的艺术人生。
千人测试馆 , 上海普陀dot街道11号 , 千人测试馆
LINX , 卢湾区淮海中路98号金钟广场3楼(近柳林路) , linx酒吧位于上海市卢湾区淮海中路98号金钟广场3楼(近柳林路)。
音味爱音乐主题餐厅 , 上海静安区北京西路1825号B座（近万航渡路） , 音味爱 音乐主题餐厅是一个结合文化、艺术、餐饮、娱乐多功能于一体的餐厅，位于上海静安区北京西路1825号B座（近万航渡路）。音味爱由著名设计师担纲设计，整体采用绚丽风格。尽显后现代主义概念。于2015年9月开始启用，成为live house的亮点及精髓，是魔都最有料的音乐酒吧。音味爱音乐主题餐厅2016年推出音乐剧《因为爱，所以爱》餐厅驻演版。
滴水湖 , 上海市浦东新区申港大道环湖西一路 , 滴水湖又名芦潮湖，位于上海最东南，距离上海市中心约76公里，是上海浦东临港地区南汇新城的中心人工湖泊，由德国GMP公司的总体规划设计，于2002年6月开始建设。滴水湖呈正圆形，直径2.6公里，总面积5.56平方公里，蓄水量1620万立方米，最深6.2米，湖中还有三个总面积为0.48平方公里的小岛，湖水源自大治河，水质为V类地表水。北岛占地约23.5万平方米，西岛占地约6万平方米，南岛占地约14万平...
淀山湖 , 青浦区金商公路588号 , 淀山湖位于上海市青浦区，是青浦新城的核心景观带，邻接江苏省昆山市，距上海市中心区60公里，是上海最大的天然淡水湖泊，面积62平方公里，是上海的母亲河――黄浦江的源头，环湖散落着享誉盛名的朱家角古镇、上海大观园、东方绿舟、上海太阳岛、陈云纪念馆等5个国家AAAA级景区；淀山湖总面积62平方公里，相当11.5个西湖，而且水质清澈（国家二级水质），适宜开展水上运动，亦是上海赛艇、龙舟、帆船等水上运动的训...
新场古镇 , 上海市浦东新区新场镇海泉街128号 , 上海新场古镇，古称“石笋里”，素有“小小新场赛苏州”之美誉。作为千年古镇，新场积聚了厚重的历史文化，以其静谧、美丽、多姿得到了世人的亲睐。小桥、流水、人家、长街、茶楼、老店、小庙与古寺，共同构成了一幅江南水乡图。上海新场古镇还曾被大导演李安看重，成为电影《色戒》的摄制地。
M50+艺术中心 , 上海市普陀区莫干山路50号 , M50+艺术中心位于上海市普陀区莫干山路50号。
上海邮电俱乐部 , 四川北路65号 , 上海邮电俱乐部地处四川北路繁华商业区，交通便捷、环境诱人、建筑别致。其楼高22米，上下六层，营业面积达4800余平方米。餐厅：有大小包房共5间，可容纳150人同时就餐。会议厅：华夏厅：50m2的豪华型会议厅，可容20人左右。
湖滨道购物中心 , 上海市黄浦区湖滨路150号 , 湖滨道购物中心上海市黄浦区湖滨路150号
梦花源 , 浦江镇芦恒路1398号 , 上海市闵行区浦江镇芦恒路1398号
上海京剧院 , 上海徐汇区天钥桥路1198号 , 上海京剧院是经由国家文化部评定的全国京剧重点院团，是中国著名的艺术表演团体。于1955年3月在原华东实验剧院京剧团、人民京剧团的基础上合并组建，首任院长为京剧艺术大师周信芳先生。剧院隶属于上海市委宣传部。2013年8月原院长孙重亮同志退休，新院长由单跃进同志担任。
伟成彩弹射击运动中心 , 洞泾镇辰花路388号青青旅游世界内(近沪松公路) , 上海伟成彩弹射击运动中心，是上海目前唯一被上海市委、市政府、上海警备区命名的”上海市国防教育先进单位”，也是全国至今最大的国防教育训练基地。迄今在全国30余个省市开设了50余家伟成连锁加盟店，每年经销的彩弹数量占全国彩弹市场的五分之三，自发研制的当代最新彩弹枪畅销全国和欧美市场。
近铁城市广场 , 上海市普陀区近铁城市广场北座B1层 , 近铁城市广场位于真北路、金沙江路路口，紧邻中环线快速通道，同时拥有轨道交通13号线真北路站全部四个出入口。已经建成、部分通车的轨道交通13号线将横贯上海中心城区，串连上海多个重要节点，与10条轨交换乘，是上海轨交重要主干线之一。
中国工业设计博物馆 , 逸仙路3000号 , 中国工业设计博物馆位于上海市宝山区逸仙路3000号。
云Space秀场 , 上海市宝山区长江路258号（近军工路） 中成智谷创意产业园 , 云SPACE秀场位于中成智谷产业园，宝山区长江路258号逸仙路长江路出口处,项目以商务办公，创意创业，现代产业园为主体，区域内商业的时尚汇聚地和潮流风向标业态满足目标客户需求的，更丰富贴切的吸引更多的品牌概念客户在项目中形成集聚效应。
三林体育中心 , 浦东新区齐河路471号(近云莲路) , 建筑面积为68500平方米，包括七层的多功能体育馆、游泳馆、综合体育中心、部分体育配套用房、地下停车库、6道300米田径运动场、阳光篮球场、阳光网球场、室外攀岩及老年人体育休闲区等。
上海市浦东新区耀龙路100号 , 上海市浦东新区耀龙路100号 , 上海市浦东新区耀龙路100号
朵云轩艺术中心 , 上海市天钥桥路1188号 , 2011年12月，自筹资金数亿元、建筑面积3万平方米的朵云轩艺术中心在寸土寸金的上海徐汇滨江地带开工，将与东方梦工厂等国际传媒巨头共同打造世界级文化艺术产业带，建成以海派书画为旗帜，聚合高端艺术商务、艺术金融、艺术地产等多业态的综合性艺术空间和上海高雅文化新地标。百年朵云将在这个大舞台上舒展身姿，踏上新的征程。
虹桥南丰城 北区 六楼 , 虹桥南丰城 长宁区遵义路100号(紫云路) , 虹桥南丰城 长宁区遵义路100号(紫云路)
McKinnon酒店 , 上海市静安区北京西路1013号 , 上海市静安区北京西路1013号
合生汇(上海五角场合生汇) , 上海市杨浦区黄兴路2228号合生国际广场五层 , 上海市杨浦区黄兴路2228号合生国际广场五层
嘉定影剧院 , 上海市嘉定区城中路149号 , 嘉定影剧院创建于1981年，位于嘉定的CBD核心区域。2007年，嘉定区委、区府投资1500多万元对嘉影进行全面改建修缮。新修缮的嘉影建筑面积5000多平方米，拥有1个电影大厅和2个豪华小厅，共计1054个座位，3个影视厅统一配置先进的杜比数码立体声系统，卓越的解码效果使画面更清晰，音色更逼真。同时配以真锅咖啡、克莉斯汀饼店等高档业态，形成以电影、演出、会议、休闲等多功能为一体的文化场所，2008...
上海迪士尼乐园 , 上海市浦东新区川沙镇黄赵路310号上海迪士尼乐园 , 上海迪士尼乐园，是中国内地首座迪士尼主题乐园，位于上海市浦东新区川沙新镇，于2016年6月16日正式开园。
乐园拥有六大主题园区：米奇大街、奇想花园、探险岛、宝藏湾、明日世界、梦幻世界；两座主题酒店：上海迪士尼乐园酒店、玩具总动员酒店；一座地铁站：迪士尼站；并有许多全球首发游乐项目、精彩的现场演出和多种奇妙体验，无论男女老少，无论年龄大小，都能在这里收获快乐。
上海市嘉定体育馆 , 上海市嘉定区新成路118号 , 嘉定体育馆（新馆）位于嘉定区新成路118号，总用地面积29328平方米，主要建筑有体育馆、训练馆和附属用房组成,总建筑面积为37640平方米，其中地下建筑面积为16170平方米，机动车停车位为443辆，新馆能满足手球、篮球、排球、羽毛球等项目的国内正式比赛使用要求。去年8月新馆落成使用，2015NBA传奇明星南翔行见证了整个开馆仪式。
世贸商城展览馆 , 上海市长宁区兴义路99号(娄山关路兴义路) , 世贸商城展览馆位于上海市长宁区兴义路99号(娄山关路兴义路) 。
申迪生态园 , 上海市浦东新区申迪东路399弄188号 , 申迪生态园位于上海市浦东新区申迪东路399弄188号。
新虹桥中心花园 , 延安西路2238号（近伊犁路） , 新虹桥中心花园地处上海市虹桥经济开发区，位于古北路以东、延安西路以南，伊利路以西、虹桥路以北，中心湖水体面积1万平方米，2000年9月29日正式开园。被上海市绿化管理局评为 "上海市四星级公园"。
Some Coffee Bar , 上海海宁路1355号（大悦城旁） , 上海海宁路1355号（大悦城旁）Some Coffee Bar
萌物园（大团桃园） , 上海市浦东新区东大公路888号 , 上海市浦东新区东大公路888号 萌物园（大团桃园）
临港新城皇冠假日酒店 , 上海市浦东新区临港新城南岛1号(滴水湖南岛之上) , 上海市浦东新区临港新城南岛1号(滴水湖南岛之上)
上海东方佘山索菲特大酒店 , 上海市松江区泗泾镇泗陈公路3388弄上海东方佘山索菲特大酒店 , 上海东方佘山索菲特大酒店有着优雅的地中海风情建筑，大型室外游泳池，葱翠的园林，宁静的湖水，佘山索菲特为您创造每一个难忘的，值得体味的过往瞬间。上海东方佘山索菲特大酒店为您提供多功能的高级会议设施、全天候餐厅、酒吧、水疗中心、健身中心以及高尔夫练习场等。上海东方佘山索菲特大酒店拥有精心装修的豪华客房，独立的园林别墅，让您感受地中海、中国及东南亚各国的浪漫风情，房间有独立的阳台，欧舒丹及爱玛仕护理用品...
音乐剧主题餐厅 , 北京西路1825号b座 , 北京西路1825号b座
上海城市草坪音乐广场 , 延安东路523号（近金陵中路） , 上海城市草坪音乐广场位于上海市黄浦区延安东路523号（近金陵中路）
浦东新区文化艺术指导中心惠南分中心 , 靖海路509号 , 浦东新区文化艺术指导中心惠南分中心隶属于浦东新区文化艺术指导中心，是区级大型群众文化免费开放阵地。服务功能有普及性文化艺术辅导培训、公益性群众文化活动、公益性展览展示、公益性电影放映、全国文化信息共享工程咨询服务点，群文数字资源查阅点等主要功能。
上海梅陇文化馆 , 上海市徐汇区梅陇路415号 , 上海梅陇文化馆创建于1996年，是国家文化部命名的一级文化馆、上海市宣传系统精神文明单位。建筑面积7743.32M2,层高3层。内设有展览大厅、老年茶室、评弹书苑、排练厅、练功房、电影院、数字电影厅、图书馆、少儿阅览室、电子阅览室、团队活动室等。
徐家汇社区文化活动中心剧场 , 南丹东路109号（近天钥桥路） , 2008年2月21日，位于南丹东路109号的徐家汇社区文化活动中心正式落成开馆。文化中心由街道斥巨资建造而成，占地面积2735平方米，建筑面积5196平方米，是一个以公益性为主的六层楼综合文化活动场馆，功能完备，能够为社区群众提供高质量的文化服务。新中心底层为大厅、多功能厅和阳光之家、残疾人康复室、社团工作站等；二楼为小剧场、展览厅和贵宾接待室；
普陀长征社区文化活动中心 , 上海市普陀区梅川路1255号(近百安居) , 普陀长征社区文化活动中心位于上海市普陀区梅川路1255号(近百安居)。
虹口文化馆剧场 , 虹口文化馆剧场位于上海市虹口区水电路1412号三楼 , 虹口文化馆剧场位于上海市虹口区水电路1412号三楼。
宝山月浦文化馆剧场 , 上海市宝山区龙镇路88号 , 宝山月浦文化馆剧场位于上海市宝山区龙镇路88号。
嘉定秀舞台 , 嘉定区裕民南路1288号 , 嘉定秀舞台位于嘉定区裕民南路1288号。
松江剧场 , 松江区中山中路37号 , 松江剧场，初建于1953年春，由私人合股，利用岳庙东房圣帝殿作观众厅，于殿后搭建约50平方米的舞台；1959年10月，由政府投资，拆除圣帝殿，新建剧场为砖木结构，观众厅设硬座938只。1987年经县人大常委会决定，由县政府投资，重建钢筋混凝结构全封闭式剧场，建筑面积2753平方米。观众厅为跌落式，设软席座位1030只；舞台台口宽12米、深12米、高6.15米，舞台总高14.5米；后台设化妆室等附属...
赵巷文化中心 , 青浦区赵巷镇赵华路507号 , 赵巷文化中心位于青浦区赵巷镇赵华路507号。
重固镇影剧院 , 通波塘西街28号 , 重固镇影剧院位于青浦区通波塘西街28号。
奉贤区会议中心 , 奉贤区解放东路928号 , 奉贤区会议中心位于奉贤区解放东路928号。
崇明影剧院 , 城桥镇81路488号 , 崇明影剧院位于上海市崇明县城桥镇81路488号。
崇明文化馆 , 城桥镇崇明大道7887号 , 崇明文化馆位于上海市崇明县城桥镇崇明大道7887号。
周浦镇文化中心 , 周浦镇周东路266号 , 周浦镇文化中心位于上海市浦东新区周浦镇周东路266号。
张江长泰广场 , 浦东新区金科路2889弄 , 长泰广场位于浦东新区张江板块，2号线地铁上盖，地理位置优越，交通网络四通八达，车行30分钟即可融入人民广场商圈、浦东陆家嘴金融中心。长泰广场总建筑面积32万平方米，是区域内的超级商业综合体。未来它将主要服务张江、联洋、碧云、世博等板块，而这些区域正是精英圈层主要聚集地，消费群体呈现出高学历、高收入、高购买力三大特征。数据显示，有近75万高端群体会成为长泰广场的主要消费者。
汇金百货 , 上海市徐汇区肇嘉浜路1000号 , 汇金百货位于徐汇区肇嘉浜路1000号，地处徐家汇商业圈，于1998年开业，定位为中高档百货，以高品质的商品，优雅的购物环境和浓厚的文化气息形成了“时尚百货”的品牌形象。
奉城影剧院 , 奉贤区奉城镇东街27号 , 奉城影剧院位于奉贤区奉城镇东街27号。
宝山文化馆 , 宝山区牡丹江路1760号 , 宝山文化馆位于宝山区牡丹江路1760号。
嘉定区文化馆剧场 , 嘉定区塔秀路33号 , 嘉定区文化馆剧场位于嘉定区嘉定新城塔秀路33号(毗邻嘉定新城远香湖,上海保利大剧院)。
文化馆剧场（虹口区广中路123号） , 虹口区广中路123号 , 文化馆剧场位于虹口区广中路123号。
青浦夏阳街道社区公共文化活动中心 , 青浦区青昆路100号 , 青浦夏阳街道社区公共文化活动中心位于青浦区青昆路100号。
奉贤头桥影剧院 , 奉贤区头桥镇红旗路3号 , 奉贤头桥影剧院位于奉贤区头桥镇红旗路3号。
巴洛斯咖啡馆 , 陆家浜路388号3楼巴洛斯咖啡 , 陆家浜路388号3楼巴洛斯咖啡
上海欢乐谷华侨城大剧院 , 佘山林湖路888号欢乐谷金矿镇内 , 上海欢乐谷华侨城大剧院位于上海市松江区佘山林湖路888号欢乐谷金矿镇内。
上海八舍咖啡 , 上海市静安区新闸路1438号 , 上海市静安区新闸路1438号
696LIVE , 东江湾路空间188内A栋115 , 诞生于2009年6月的新现场，由两位毕业不久的年轻人所共同创办，以小酒吧的形式筹办各类摇滚及独立艺人演出。最初位于威海路696艺术园区，后因各方面原因辗转搬迁至虹口区空间188内，一路走来颇为艰辛，但最初的梦想始终未曾放弃。
Cavalia白色顶棚（移动帐篷） , 世博板块中国馆旁，中华艺术宫南面 , 世博板块中国馆旁，中华艺术宫南面
LUCE CLUB , 金陵中路88号7号门上海音乐厅4楼 , 金陵中路88号7号门上海音乐厅4楼
复旦大学正大集团体育馆 , 杨浦区国权路505号 , 国权路政肃路口(近政肃路)
上海万达影城宝山店 , 上海市宝山区一二八纪念路988弄1号万达广场5楼 , 上海市宝山区一二八纪念路988弄1号万达广场5楼
幻梦空间（Running Dream）上海站 , 杨浦区邯郸路585号苏宁生活广场（五角场店）B1 中庭 , 杨浦区邯郸路585号苏宁生活广场（五角场店）B1 中庭
上海动物园 , 上海市长宁区虹桥路 2381 号 , 上海动物园位于上海市西南端，生态环境优美，是上海市区最佳的生态园林之一。开放至今共接待了1亿4千万人次。上海动物园现饲养展出世界各地代表性动物近600余种6000余头（只）。 作为国家级大型动物园，上海动物园主要饲养展览国内外珍稀和重点保护的代表性动物，并对珍稀动物饲养、繁殖和疾病防治等进行科学研究。40多年已繁殖成功200多种野生动物，其中珍稀动物100多种，有金丝猴、亚洲象、大熊猫、华南虎等；...
静安公园 , 南京西路1649号 , 静安公园位于静安古寺对面，南临延安中路，西接华山路，占地面积为3.36万平方米。光绪二十四年（公元1898年），公共租界工部局在此辟建静安寺路公墓，俗称“外国坟山”，1953年市人民政府投资18万元将公墓改建成公园，1955年10月3日开放。1978年市园林处投资22万元，把公园南部教堂及火葬门拆除改建茶室。 1998年10月上海市静安区人民政府决定，以地铁2号线延安路高架建设为契机，对静安公园实...
豫园戏苑 , 上海市黄浦区文昌路10号4F , 豫园戏苑座落于著名的豫园商业旅游区，紧邻豫园、城隍庙。戏苑集中国传统戏楼之精华，融现代舞台之功能，适应戏曲杂技歌舞等剧种的演出为上海独一无二的梨园世家。豫园戏苑在为观众献上精彩演出同时，还可提供老城隍庙特色点心，精美茶食。豫园戏苑是广大游客和戏曲爱好者休闲娱乐的绝佳去处.
鄂尔多斯国际大厦 , 浦东区浦东南路1118号 , 浦东区浦东南路1118号鄂尔多斯国际大厦
虹口足球场包厢 , 上海市东江湾路444号 , 虹口足球场包厢上海市东江湾路444号
松江区上海立信会计学院 , 上海市松江大学城文翔路2800号 , 松江区上海立信会计学院 上海市松江大学城文翔路2800号
惠南群星剧场 , 靖海路509号 , 惠南群星剧场 靖海路509号
上海电影博物馆 , 上海市徐汇区漕溪北路595号 , 上海市徐汇区漕溪北路595号上海电影博物馆
远景之丘 , 上海市浦东新区芳甸路1188弄户外广场（花木路7号线3号口） , 上海市浦东新区芳甸路1188弄户外广场（花木路7号线3号口）
大光明电影院 , 上海市黄浦区南京西路216号 , 大光明电影院享有“远东第一影院”的盛名，它始建于1928年，由德国杰出的建筑师乌达克（L.E.HUDEC）富有想象力的创意科学地体现在大光明建筑的内外。 奶黄色的外立面构成像波浪中行进的风帆，流畅的圆弧曲线从大厅顶部围环整个影院，渐叠层呈荷花型的三层屋顶装饰别具一格，意大利大理石砌成抽象的图案，高傲的观众大厅极富气派，宽敞的观众休息厅优雅并充满文化艺术氛围，整洁的环境令人赏心悦目――大光明具有欧美...
上海UME国际影城宝山店 , 宝山区牡丹江路318号诺亚新天地广场D栋四楼 , 宝山区牡丹江路318号诺亚新天地广场D栋四楼
莘庄海上国际影城 , 沪闵路6088号凯德龙之梦四楼 , 莘庄海上国际影城由上海上影依普亚影城开发管理有限公司建造管理，邀请北美知名设计师进行整体影院设计，按照超五星级标准建造。影院共有8个放映厅，其中最大放映厅可容纳近300人；每个放映厅银幕尺寸按等面积法特制，做到画面最大化，为观众创造最佳全景视觉效果；所有影厅均能实现高增益金属巨幕3D效果，满足立体观影的极致体验；影厅内全部采用固定式座椅，超宽无遮挡排距，任何一个座位的视角都能达到最佳观影效果。同时...
浦东双辉广场 , 上海市浦东新区银城路99号（近浦东南路） , 上海市浦东新区银城路99号（近浦东南路）
上海社会科学院影视厅 , 淮海中路622弄7号 , 上海市社会科学院影视厅位于上海市淮海中路(近成都路),影院设备先进,有近千座位。
普陀区少年活动中心 , 枣阳路108号 , 普陀区少年活动中心枣阳路108号
星艺剧场 , 闵行区莘庄莘松路350号3楼 , 闵行区莘庄莘松路350号3楼
宝宸体育馆 , 上海市宝山区永清路700号 , 宝宸体育馆，位于宝山体育中心内，建筑采用不等边八边形，外墙装饰大型抽象浮雕，整体雄伟有力、和谐美观。体育馆内有3000座位看台，设有8片羽毛球场地，羽毛球场对外有偿开放，可承办各种小型体育比赛及文艺演出等活动。
静安嘉里百美汇3号厅 , 上海市静安区南京西路1551号 静安嘉里中心商场N4-01室 , PREMIERE百美汇影城是香港百老汇院线在上海打造的继百丽宫影城后的又一高端力作。PREMIERE 意思是“首演”或“第一”, 即第一次公开表演作品,而有幸参加观赏首演的观众，更有一份个人优越感。影院取名“PREMIERE”，就是希望顾客光临影院时那份优越感油然而生，因为PREMIERE在每一个细节上都能真正体现优美和精致，并塑造其品牌独有的优雅品味和个性。进入影院，顾客将立即感受到电影的奇幻魅...
世博板块中国馆旁 , 洪山路雪野路 中华艺术宫南面 , 世博板块中国馆旁洪山路雪野路 中华艺术宫南面
华东政法大学松江校区-富田体育馆 , 松江大学园区龙源路555号 , 华东政法大学松江校区 富田体育馆，松江大学园区龙源路555号
观复博物馆 , 上海浦东新区陆家嘴环路479号上海中心大厦37层  , 观复博物馆于1996年10月30日获政府批准成立，马未都先生为创办人。是新中国第一家私立博物馆。该馆设有：瓷器馆、家具馆、油画馆、工艺馆、影像馆、门窗馆和多功能厅。常年举办各类展览及讲座，开展鉴定和咨询业务。展览侧重开放形式，强调人与历史的沟通，突出传统文化的亲和力。观复博物馆在浙江杭州、福建厦门设有地方馆。 上海观复博物馆将于2015年下半年正式入驻上海中心，馆内设有序厅、瓷器馆、东西馆、金器馆...
青浦区赵巷影剧院 , 上海青浦区赵中路28号 , 青浦区赵巷影剧院 上海青浦区赵中路28号
嘉定区外冈蜡梅园 , 墨玉北路2700号 , 外冈蜡梅园位于上海市嘉定区安亭镇墨玉北路2700号，占地1200亩，是集育种、切花生产、生态景观、农家乐、休闲游览于一体的种植示范基地。腊梅品种主要有虎蹄、馨口、檀香、扬州黄、上海黄等。其中，又以栽种于太平天国时期的钱门古腊梅而闻名，与崇明水仙、奉贤银柳同被称作“上海三宝”。 外冈镇以钱门古蜡梅及周边农户庭院蜡梅为基础，大力发展蜡梅规模化经营，成立了“嘉定区蜡梅研究所”和“外冈蜡梅名师工作室”，注...
上影希杰莘庄影城 , 闵行区都市路5001号仲盛世界商城4楼 , 闵行区都市路5001号仲盛世界商城4楼
Shanghai Rose , 黄浦区南苏州路76号(近圆明园路) , 这个春天Shanghai Rose酒吧犹如一朵脱俗的玫瑰绽放在浦江沿岸，将百花争艳的外滩点缀的更加温婉多姿。他的前身是英国领事馆划船俱乐部，始建于1905年，是上海的“优秀历史建筑”，有维多利亚式顶部设计，带巴洛克的装饰，在外白渡桥脚下熠熠生辉，还能看到无与伦比的外滩天际线景色以及上海的标志性建筑东方明珠电视塔。 室内设计是由日本著名摄影师蜷川实花和东京室内设计师高桥明合作。在蜷川的摄影集里我们时...
X-CLUB镭战主题酒吧 , 上海市徐汇区肇嘉浜路366号裕华大厦地下一楼（襄阳南路口） , LASERXTREME是风靡全球的一种真人对战游戏，运用现代最先进的激光技术达到模拟对战、仿真射击的游戏效果。 2011年4月1日，“X－CLUB镭战主题酒吧”在上海市徐汇区肇嘉浜路366号B1层正式开业。 截止2011年，“X－CLUB”已成功的登陆并抢占了英国、俄罗斯、法国、菲律宾、德国、美国等多个国家的地盘，成功的开设了460多家镭战游戏的门店，在美国的门店密度更是几乎遍布到了每一个州。 作...
上海城市雕塑艺术中心A区（上海市淮海西路570号A103） , 淮海西路570号 , 上海城市雕塑艺术中心位于淮海西路570号，是在上海市城市雕塑委员会、上海市城市规划管理局领导下，为发展上海城市雕塑而专门设立的一个民办公助的综合性艺术机构。该中心利用上钢十厂原轧钢厂厂房改建并精心装修而成，总展示面积将达到2万平方米，先期开放的A、B展示区共5000平方米。该中心旨在为上海城市雕塑搭建起一个集展示交流、创作孵化、雕塑储备、艺术教育四位一体，具有开放性、国际性的艺术平台。此平台的建立...
上海世博冰雕艺术馆 , 上海浦东新区耀龙路190号 , 上海世博冰雕艺术馆
禅溪茶馆 , 静安区大沽路396号 , 禅溪茶馆大沽路店位于上海市中心的静安区，毗邻上海电视台、静安绿地公园，闹中取静。当人们走进禅溪，便可以让自己慢下来、静下来，感受生活中的诗意与美好，在高压下找到一个可以呼吸的通道，在茶香花香中，体会“慢”生活的美丽，静品流动的喜悦。 闹钟取静的禅溪，既有禅意氤氲，又有溪水环绕。一进院子，就是一条小径，两旁是水池，池中间有三个悬浮开放式的茶座，天气好时，坐在雅座上，看水、看鱼、看风景，心情也会安定下...
上海图书馆 , 上海市徐汇区淮海中路1555号 , 上海图书馆上海科学技术情报研究所是一所大型的综合性研究型公共图书馆、也是全国第一家省市级图书情报联合体。1995年10月，上海图书馆和上海科技情报研究所合并，1996年12月上海图书馆上海情报研究所新馆建成并部分对外开放。新馆坐落于淮海中路1555号，建筑面积83000平方米，拥有绿化面积11000平方米。整个建筑象征着历史文化积淀的坚实基础和人类知识高峰的不断攀登。 上海图书馆上海科学技术情报研...
上海兰生典尚影院 , 淮海中路8号（柳林路1号）兰生大厦5楼 , 淮海中路8号（柳林路1号）兰生大厦5楼
上海星美国际影城 , 虹口区海宁路330号，近乍浦路 , 全欧式风格打造的上海星美国际影城坐落于虹口区文化金三角地带。本着更人性化的设计理念，设立了不同规格的8个影厅，可同时容纳1200位观众同时观看，在为观众提供一流放映及配属娱乐、休闲及餐饮设施的同时，由从业多年的专业管理团队经营，足以满足不同观众的各类观赏需求。
上海影城 , 长宁区新华路160号番禺路口 , 上海影城座落在中国上海市长宁区新华路番禺路口。它是1991年上海市政府实事工程之一，是沪上首家五星级影院，并开创了中国多厅影院之先河，从1993年起至今连续被评为市级文明单位，曾获二十世纪九十年代上海十大新景点最佳设计奖，荣获建国五十周年上海经典建筑提名奖，作为历届上海国际电影节的主会场，上海影城是集电影放映、会议、餐饮、娱乐、书屋、广告、展览为一体的大型文化企业。2003年首度在国内尝试连锁经营...
太阳CITY广场3楼 , 上海市静安区恒丰路299号 , 上海市静安区恒丰路299号太阳city广场3楼如此生活体验馆内（地铁1号12号13号线汉中路站1号口出，步行2分钟即达）
上海庆春电影城 , 田林路140号15-4 , 上海庆春电影城位于上海徐汇区田林路140号越界广场15幢2楼，由浙江时代电影大世界有限公司投资2000万元设立，拥有9个专业放映厅，总座位达1500个。超越目前最高的五星级影院标准设计建造，采用SR.D、DTS国际最先进数码还音，弧型超大银幕和先进放映设备，德国进口专业镜头、美国进口JBL音响，保障精美绝伦的声画呈现，让您领略惊天动地、排山倒海的震撼以及细致入微的变化。座位阶梯式排列，每个观众都能...
金山足球场 , 上海市金山区石化卫零路 , 金山足球场位于上海市公共卫生中心用地南侧，西临松卫南路，南临奉金高速公路。占地350亩，以30000人体育场、群众文化健身广场以及相应商业配套设施为主。金山区体育场将作为金山区集运动、健身、休闲、娱乐、办公于一体的多功能中心，以具有现代化的体育、休闲和办公功能及设施，成为实现“每个人运动休闲权力”的城市主题公园。
上海环球港四楼博物馆 , 普陀区中山北路3300号 , 普陀区中山北路3300号
洛克公园 , 上海市浦东新区世博园五区上南路168号 , 上海市浦东新区世博园五区上南路168号
上海香格里拉大酒店 , 上海浦东新区富城路33号 , 上海浦东香格里拉大酒店地处上海乃至全国的商业中心地带－－陆家嘴金融贸易区，毗邻浦江而建，坐拥夺目的东方明珠电视塔及对岸迷人的外滩风光，地理位置无与伦比。往返虹桥及浦东国际机场轻松便捷，更毗邻连接浦东和浦西（上海西区）的地铁。 酒店二座新增375间客房和套房，位于全新的36层玻璃大厦内。豪华客房的构造延续了酒店宽敞舒适的美誉，房间面积至少54平方米，被誉为上海最大的酒店客房。二座同时还包括了集世界时...
上海17.5影城又一城店 , 淞沪路8号百联又一城购物中心8楼 , 上海今典世纪放电影院位于百联又一城购物中心，地处五角场商圈，是一家集购物、餐饮、休闲、娱乐、健身等功能业态于一体的大型都市型购物中心。百联又一城购物中心单体 建筑面积达12.6万平方米，总投资超过10亿元，是上海东北地区单体面积最大的购物中心。 今典世纪影城“又一城・放电影院”是中国第一家“第三代影院”。与第一代单厅大 影院、第二代多厅影院不同，第三代影院 “1+X”电影生活方式影院 放电影院，不...
柯达电影世界 , 上海市肇嘉浜路1111号（美罗城5楼） , “柯达电影世界”总面积3500平米，由四个电影厅组成，拥有先进的放映系统，数码立体声音响，共930个座位。8.5米层高的影厅，为超宽屏幕创造了条件；影院采用八声道环绕立体声设计，左中右主扬声器都采用了JBL第三代三分频音箱，立体声解码器采用的是Dolby最新产品CP650，声音设计逼近完美。影院舍弃了可以增加放映轮次的双片盘机，使用大片盘单机，一机一片到底，避免了因换片盘带来的亮度变化和噪音。
江湾体育场 , 上海市杨浦区国和路346号 , 上海市江湾体育场，始建于1933年，原名上海市体育场，由当时的上海市政府直接主持筹建。位于上海市杨浦区的中心地带五角场商圈，毗邻复旦同济等众多知名学府，是拥有70多年历史的市级文化遗产保护建筑。 新中国上海第一任市长陈毅的亲笔题字――上海市江湾体育场，重新在西面正大门上方闪烁金光。
上海西班牙中心 , 浦东新区博成路453号、原世博西班牙馆 , 上海西班牙中心（浦东新区博成路453号、原世博西班牙馆）
上海万达影城（周浦店）5号厅 , 上海市周浦镇年家浜路518号万达广场C座4楼 , 万达电影院线是亚洲排名第一的院线，拥有现代高端连锁影城超过70家，银幕超过600块；2010年完成总收入17亿元，稳居中国第一的市场份额。万达电影以打造电影终端连锁服务品牌的核心竞争力为目标，“连锁经营能力、创新营销能力、服务品牌能力”是万达电影核心竞争力的三大基本要素。万达院线计划到2012年开业120家影城，拥有银幕1100块，年总收入35亿元，占全国20%以上的市场份额，成为排名全球前列的电...
世博中心（红厅） , 世博大道1500号(近世博馆路) , 红厅大会堂位于世博中心一楼，面积约3000平方米，建筑净高约22米。 大会堂平面呈扇形，坐在任何一个位置均能看到主席台。顶棚微微隆起，纵横密布了满天星灯，宛如^众星捧月^。 大会堂观众席有三层，共2824个座位，其中，一层1862个，二层634个，三层328个座，一层又分为前区和后区，前区为1至16排1004座，每个座位都配有排桌、设有翻译设备及电子表决器。 大会堂内设可升降基本舞台，配备一流的多...
上海木偶剧团演展中心 , 上海市黄浦区南京西路388号仙乐斯广场五楼 , 上海木偶剧团演展中心坐落于南京西路仙乐斯广场五楼，交通极为便利。宽敞明亮的演出大厅，可容纳230名左右观众的空间。演展中心的周围展示了各种各样的皮影和木偶，使台上台下交相辉映。此空间适合各种木偶剧、儿童剧、青春话剧等的演出，同时也具备举办时装秀、新闻发布会、学生专场、亲子专场、外宾专场等综合经营功能。演展中心配备了先进的演出设备，使音响效果、舞台灯光和布景可以完美融合，为舞台演出和各种活动锦上添花...
上海崇明东平国家森林公园 , 上海市崇明北沿公路2188号 , 上海市崇明北沿公路2188号
快乐船长码头 , 上海浦东新区滨江大道4298号 , 上海浦东新区滨江大道4298号(快乐船长码头)
ASC藏酒轩 , 上海市乌鲁木齐南路55号(近衡山路) , 上海市乌鲁木齐南路55号(近衡山路)
悉尼 , 悉尼 , 悉尼
罗杰娱乐宫 , 上海卢湾区淮海中路283号香港广场南座四楼 , ROJAM Disco 是由日本著名音乐教父小室哲哉亲自策划，日本著名设计师精心设计，巨额投资兴建的大型综合性娱乐场所。目的是将世界最前卫的流行音乐导入中国，引导中国音乐与世界同步发展，并使之成为东南亚乃至全亚洲最新的音乐信息发源地，及领导当代青年走向时代尖端的潮流先锋。 ROJAM 在此经营宗旨的前提下，选择了中国第一大城市 上海作为它的发祥地，并在充满现代气息的淮海路黄金地段开设第一家 ROJ...
上海索菲特海仑宾馆 , 黄浦区南京东路505号(近福建中路) , 索菲特上海海仑酒店坐落在中国最著名的步行商业街南京路上，地处上海商业中心区。拥有 401 间设计无可挑剔的客房和套房，包括 189 间专享的索菲特俱乐部房，位于最高的 19 至 29 楼。另外还设有 2 间餐厅、1 间酒吧、水疗中心和 9 间会议室。酒店距人民广场、外滩和大剧院仅几步之遥，毗邻地铁站 南京路东站和人民广场站。
百丽宫ifc商场店2号厅 , 浦东新区世纪大道8号国金中心商场地下一层LG1-1(近银城中路) , 上海国金百丽宫影城是香港百老汇戏院旗下奢华品牌――香港中环IFC姊妹影院。 影院从设计理念、到装修乃至观众厅内观影效果全部都是影院界的精致之最。装修风格完全有别于传统影院，选择了西式酒店风格，并从灯光和色调上进行了完美的搭配，大堂环境宁静而优雅，感觉很舒适、惬意。进入观众厅后，人性化的装修风格会令观众体验到观影的无限乐趣。从观众厅的地灯开始，观众会发现台阶地灯上与下的不同的发光效果，给放映期间出入...
国泰电影院 , 上海市卢湾区淮海中路870号（茂名南路口） , 国泰电影院原名国泰大戏院（CATHAY THEATRE），坐落在上海市卢湾区淮海中路870号（茂名南路口），紧邻地铁一号线陕西南路站3号出口。建于1930年，由鸿达洋行设计，钢筋混凝土结构，外墙采用紫酱红的泰山砖，白色嵌缝，属典型的装饰艺术派风格，1994年被上海市人民政府命名为优秀历史建筑。1932年1月1日，国泰大戏院正式对外营业。当天登在《申报》上广告用语是：“富丽宏壮执上海电影院之牛耳，精...
上海游泳馆 , 上海市徐汇区中山南二路1300号 , 上海游泳馆建筑呈不等边六角形，外墙采用玻璃幕墙的结构，这在建造时可谓是一大创新。更值得上海人骄傲的是：上海游泳馆已被英国出版的《世界建筑史》收录其中，列为人类历史上的杰出建筑及全球建筑典范之作。 上海游泳馆总建筑面积达15827平方米。主馆占地面积6117平方米。馆内设有比赛池、跳水池、训练池，现通过改造原先12比赛池的底部经垫高变成可容纳300人左右的浅水泳池，另一半深水区仍被保留，以适应不同泳...
上海陶瓷科技艺术馆 , 上海市逸仙路3000号3号楼3层 , 上海陶瓷科技艺术馆位于宝山区逸仙路3000号3号3层，本馆以“弘扬中华艺术，加深国际交流”及创建和复兴中国陶瓷品牌为己任，由亚洲唯一陶瓷高等学府景德镇陶瓷学院、中国硅酸盐学会陶瓷分会、国家日用及建筑陶瓷工程技术研究中心、上海陶院艺术品投资管理有限公司等机构联合建成，是上海首个融陶瓷艺术展 示、陶瓷科技互动展示、陶瓷艺术创作体验等多功能于一体的专题性科普场馆，是陶瓷科技专家和陶瓷艺术大师集聚的窗口。
日月光中心 , 上海市黄浦区徐家汇路618号 , 上海市黄浦区徐家汇路618号
Movie coffee 电影主题音乐酒吧 , 延安西路3300号 , Movie coffee 电影主题音乐酒吧
上海泰康路210弄田子坊艺术中心2楼 , 田子坊1号口进去200米 , 上海泰康路210弄田子坊艺术中心2楼（田子坊1号口进去200米）
崇明县竖新镇仙桥村 , 崇明县竖新镇仙桥村 , 崇明县竖新镇仙桥村
上海太阳岛度假村沙滩浴场 , 青浦区朱家角镇沈太路2588号 , 太阳岛拥有沙滩冲浪浴场，天然温泉SPA套餐，卡定车，遛马，水上摩托艇，游艇，射箭，沙狐球，沙滩排球等30余项丰富的休闲娱乐活动，精彩纷呈。
JOJO真人密室游戏馆 , 上海市普陀区长寿路457号2楼 , JOJO真人密室游戏馆（JOJOROOM）坐落于繁华的亚新生活广场（长寿路457号靠近胶州路），是聘请专业团队耗资百万打造的大型精品密室游戏馆。本店交通便利，具有宽敞明亮的休闲大厅，豪华游戏动漫周边展示，免费Wifi。来消费密室游戏的顾客还可享受免费蛋糕试吃，免费桌游等超值服务。
共青森林公园 , 上海市杨浦区军工路2000号 , 上海共青国家森林公园位于上海市东北部杨浦区军工路2000号，总占地面积为1965亩，其中对外开放的绿地面积为1870.6亩，2006年1月被国家林业局正式批准为国家级森林公园，并定名为“上海共青国家森林公园”。公园是以森林为主要景观的特色公园，共种植200余种树木，总数达30多万株。公园分为南北两园，北园占地1631亩，称为共青森林公园；南园占地239.6亩，称为万竹园。南北园风格各异，北园着重森...
龙华古寺 , 上海市龙华路2853号 , 龙华寺为“海上名刹”，在上海众多著名的佛寺中历史最悠久，占地30余亩，建筑近万平方米，也是面积最大的寺宇。相传吴赤乌五年（公元242年)，精通三藏的康僧会来到中国。有一天他云游至龙华荡，指地对人说：“这里是清净福地，我的心愿是在此建寺。”因为康僧会德高望重，荡下的广泽龙王让宅而去。康僧会于此结茅开山，创建龙华寺和龙华塔。吴主孙权赐建塔钱二万缗(min古时一千文为一缗)，赐名“龙华会”。及唐代乾符、...
3QUARKS , 区钦州路518号 , 3Quarks团队由上海启台实业有限公司经营团队和创意团队组成。经营团队由几位80后青年企业家组成，每人均有5年以上创业经验，团队领导者的自有企业销售额已经过亿。他们不但有丰富的企业管理、运营经验，更有项目发展所需的资金和人脉优势，足以保证项目后续发展和扩张。
上海万裕国际影城(淮海店) , 上海市黄浦区淮海中路99号大上海市时代广场6层 , 万裕国际影城拥有4个数码放映厅、728个座位，是淮海路沿线影院中厅数最多、座位数最多的一家，所在位置在商场的6楼，在淮海路浓厚的商业氛围和时尚气息的熏陶下，万裕国际影城的前景已被寄予厚望。
上海小南国花园酒店 , 佳木斯路777号 , 上海小南国花园酒店（佳木斯路777号）
世博源上海市浦东新区世博大道1200号旁 , 世博源上海市浦东新区世博大道1200号旁 , 鸟巢南广场，属于国家体育场管理范围，适合做各种大型赛事、娱乐、演出活动。
Haven Shanghai , 中山南路1029号幸福码头3号楼 , 大厅挑高十米的拱形屋顶，呈现优雅复古的哥特式教学风格；大门后抢眼的红色电梯，注入强烈的当代设计元素；传统哥特式和现代时尚交织，营造出独特的奢华气场。在HAVEN里，每一位客人都拥有最高隐私保护，贵宾们可以在LED灯投影下的水池中品赏美酒，一边狂欢、一边享受哥特式浪漫气氛。贵宾们的不凡身份及口味，在此得到充分的展现。
Sabatini 意大利餐厅 , 上海市静安区南京西路1717号会德丰广场南院1层，华山路延安中路口 , Sabatini意大利餐厅源自1958年，创始人为热爱意大利佳肴的Sabatini兄弟三人 ，他们对于美食富有激情及创造力，并乐于与他人分享。Sabatini兄弟对餐厅行业充满了热情与投入，使Sabatini餐厅佳评不断，门庭若市。上海的Sabatini意大利餐厅，于2011年底开业，结集了原有的Sabatini菜单精髓、并添加新创意菜色。我们的美食理念是注重最上等的食材，所有的烹调在于体现食材的...
龙美术馆（西岸馆） , 龙腾大道3398号 , 关于龙美术馆龙美术馆是由中国收藏家刘益谦、王薇夫妇创办的私立美术馆，目前在上海浦东和徐汇滨江同时拥有两个大规模的场馆 龙美术馆（浦东馆）和龙美术馆（西岸馆），构成独特的“一城两馆”的艺术生态，是目前国内最具规模和收藏实力的私立美术馆。作为国际知名的艺术品收藏家，刘益谦、王薇的收藏涵盖中国传统艺术、现当代艺术、“红色经典”艺术，以及亚洲和欧美的当代艺术等各种门类，数量丰富，体系完备。龙美术馆以其私人...
花园饭店 , 上海市卢湾区茂名南路58号 , 上海市卢湾区茂名南路58号花园饭店(近长乐路)
上海徐汇滨江东方梦工场 , 龙腾大道2350号 , 上海徐汇滨江东方梦工场龙腾大道2350号
上海绝对浩室数字音乐俱乐部 , 上海茶陵北路20号X2创意空间6号楼，近斜土路 , 上海绝对浩室数字音乐俱乐部上海绝对浩室数字音乐俱乐部是一家以数字音乐娱乐、制作、体验、展示为一体的综合性娱乐场所，位于上海市徐汇区茶陵北路20号（斜土路口），X2―创意空间数娱产业园六号楼。俱乐部营业面积2480平方米，空间层高15米（国内之最），内场可举办超过3000人的超级CLUB PARTY。俱乐部总投资2000万人民币，选用法国NEXO音响顶级线阵列GEO T系统、数字调光台、马田灯光系统...
沪北电影院 , 上海市闸北区洛川东路500号 , 沪北电影院地处南北高架与内环线交汇的北面桥堍，交通十分便利，该地区是市政府构划中的并在加紧实施的文化体育与娱乐的繁荣区域。 沪北电影院是一座五层建筑，规模宏伟，其欧美式的立面建筑风格，新颖别致，与北面东方明珠建筑群遥相互应融为一体。内部装璜格调高雅，突出现代化气息和文化氛围。经营范围有电影、卡拉OK、KTV、桌球、保龄球、咖啡厅、酒楼、麦当劳、银行等。 四星级硬件标准的电影厅，有630只沙发软座呈...
海神诺富特大酒店 , 上海市浦东大道728号 , 海神诺富特大酒店上海市浦东大道728号
百丽宫ifc商场店3号厅 , 浦东新区世纪大道8号国金中心商场地下一层LG1-1(近银城中路) , 上海国金百丽宫影城是香港百老汇戏院旗下奢华品牌――香港中环IFC姊妹影院。 影院从设计理念、到装修乃至观众厅内观影效果全部都是影院界的精致之最。装修风格完全有别于传统影院，选择了西式酒店风格，并从灯光和色调上进行了完美的搭配，大堂环境宁静而优雅，感觉很舒适、惬意。进入观众厅后，人性化的装修风格会令观众体验到观影的无限乐趣。从观众厅的地灯开始，观众会发现台阶地灯上与下的不同的发光效果，给放映期间出入...
豫上海餐厅剧院 , 上海市黄浦区旧校场路69号3楼 , 豫上海剧场位于上海唯一一家多媒体演绎餐厅 豫・上海餐厅内。 豫上海剧场是一间专业剧场级宴会厅，配备了许多高科技灯光音响设备，如图案摇头电脑灯，LED变色灯，全频音响，12000流明投影机、音控台等。 演艺厅内以环回全景屏幕为主，让观众有置身其中的感觉，配以投射影像，不但形式创新、构思巧妙，而且视觉华丽、壮观。进入演艺厅，环回全景的高科技触感屏幕展示一幕幕旖旎场景。
上海精文艺术中心 , 上海市浦东新区世纪大道88号金茂大厦裙房,精文艺术中心三、四楼 , 上海精文艺术中心地处浦东陆家嘴金融贸易区的黄金位置，世纪大道88号，这里交通快捷便利，是连接浦东、浦西的交汇中心。周边高级商务楼、宾馆酒店林立，已形成一大批高层次文化消费群。上海精文艺术中心在这一地区建立，必将展现其无穷的文化魅力，在充分满足广大文化消费群对艺术品需求的同时，还可加强陆家嘴地区的文化艺术氛围，并逐步形成一个新的文化旅游观光点。上海精文艺术中心在带来良好社会效益的同时，也必然会带来可...
陆家嘴北滨江亲水平台 , 滨江大道2450号 , 陆家嘴北滨江亲水平台 滨江大道2450号
八号桥三期 , 黄浦区局门路550号1号楼 , 八号桥是一家开在局门路上的综合商场，它靠近瞿溪路，他们家的地理位置非常优越，离淮海路商圈和打浦桥商圈都很近，周边有很多公交线路，更有地铁4号线可以直达，交通自然是十分便利的。八号桥虽说是一家综合商场，其实它是一个创意园区，八号桥发展到现在已经是第三期了，还是非常有集聚效应的。他们家的环境不错，很干净整洁，也很宽敞舒适，绿化弄得很好，里面的房子有点古色古香，很有艺术特色。
世博源大舞台（浦东） , 周家渡路209号世博源3区L2层 , 周家渡路209号世博源3区L2层
JOYPOLIS , 中山北路3300号环球港4楼L4081 , 「JOYPOLIS」是集聚了日本株式会社世嘉（SEGA）常年累积的电子娱乐开发技术与设施运营经验的室内主题乐园。东京・台场的「东京JOYPOLIS」从1996年开业到现在已接待客人约1500万人次。 馆内4F常设有数码虚拟与现实中央舞台。立体LED屏幕的舞台为顾客呈现的是只有在JOYPOLIS才能观看的演出。运用最新数码技术制作的影像、空间视觉盛宴为顾客带来身临其境的震撼与无与伦比的美感。
上海永华电影城 , 上海市虹桥路1号徐家汇港汇广场六楼 , 永华电影城地处上海市虹桥路1号，坐落在繁华的徐家汇港汇广场六楼，建筑面积6000平方米。港汇广场以布局清晰大气、装饰风格时尚前卫，服务精致，格调高雅享誉上海。此外，徐家汇地区的“海、陆、空”立体交通网使永华电影城的交通四通八达。 永华电影城共有11个专业电影厅，由美国华纳兄弟公司参与设计，厅数为上海电影院之最。其中数字放映厅3个，VIP、3D、4D放映厅各1个，可同时容纳1529名观众；11个影厅...
华大SIGMA电影会所 , 上海市黄浦区外马路601号3A华大电影会所 , 华大SIGMA电影会所是华大影院投资管理有限公司旗下的高端会所式影院产品，专门针对独特客群的高端小众市场。该项目面积2098平方米，内设标准电影放映厅、多功能会议室、餐厅、酒吧、雪茄吧等多种文化休闲服务功能，将为高端人群提供全方位、定制式精品休闲服务。电影会所提供包括电影放映，高端餐饮，葡萄酒、威士忌、雪茄收藏，艺术品投资品鉴，个人理财养生咨询，派对策划，旅游策划，婚宴策划在内的多种私人高端定制服...
大上海电影院 , 西藏中路500号市百一店新楼8楼 , 西藏中路500号市百一店新楼8楼
金逸影城（凯德龙之梦虹口店) , 西江湾路388号B座6楼 , 西江湾路388号B座6楼
南翔青年梦想电影城 , 南翔沪宜公路1101号2A幢 , 嘉定区南翔沪宜公路1101号2A幢南翔青年梦想电影城
龙华旅游城 , 上海市徐汇区龙华路2933号 , 龙华，国际大都市上海中心城区惟一的千年古镇，位于上海西南部，毗邻徐家汇商业中心。历史悠久的龙华古寺、龙华古塔与龙华旅游城、龙华烈士陵园一起形成了集民俗文化、佛教文化和革命传统文化于一体的龙华旅游区。龙华旅游城清新朴实的江南民居风格建筑与寺庙建筑相映成景，表瓦鳞盖，绕塔廊桥，双狮盈门，小街曲幽，再现了江南古镇的风貌。龙华日有临塔听钟，月有佛事节会，四时节庆相连。无题撞钟、迎新击鼓、龙华庙会等节庆活动...
闵行区华东师范大学 , 东川路500号篮球馆 , 闵行区华东师范大学 东川路500号篮球馆
巴斯蒂安（上海）音乐中心 , 上海市闸北区共和新路2623号2号楼2207室 , 巴斯蒂安是由钢琴专业人士创办的全国音乐连锁服务机构，依托于专业艺术培训学校，引进德国独特的教学方案，师资力量雄厚，教学环境优雅，所有指导老师均毕业于专业的艺术院校，具备多年的教学经验，专注于成人钢琴速成培训，让都市人群在学习的过程中更多获得心情的放松，目前已经开设上海、杭州、西安三个城市的音乐中心。
星美国际电影院 , 海宁路330号 , 星美国际电影院是双厅影院。国际厅（大厅）气派壮观、红色基调、冷暖空调、全阶梯式930座，全部更新为“人体生态”座椅，现代舒适。崭新的银幕、装设世界一流的DT、杜比R・D数码后置环绕8路数字立体声电影专业音响，为您完美再现原汁原味、犹如亲历的声光效果。同时还配有会务、舞台专用设备，可供单位大型活动。银球厅（小厅）精致豪华，蓝色基调，冷暖空调，新银幕、新式座椅138座。为电影观众服务的各种设施一应俱全...
龙兰路绿地 , 龙腾大道2555号 , 龙兰路绿地
民生剧院 , 淮海西路570号红坊艺术园区F座民生美术馆2F影像 , 淮海西路570号红坊艺术园区F座民生美术馆2F影像
真汉咖啡剧场 , 肇嘉浜路567号 , 真汉咖啡剧场简介: “真汉咖啡剧场”为全国首家纯专业设计、设置与多功能配套的酒吧式剧场，座落在毗邻上海徐家汇的肇嘉浜路段，剧场面积600平方米，同时也是大型会议、主题性发布与展示、大型派对、俱乐部活动、迪斯科舞会等项目开展的良好场所。
上海世博马术公园 , 浦东世博园区洪山路雪野路 , 上海市浦东世博园区洪山路雪野路
浦东世纪广场 , 浦东新区浦东南路世纪大道2100号 , 世纪广场位于浦东新区著名的大道 世纪大道的最南端，地处浦东行政文化中心，占地面积约20万平方米。她东临新区政府，南通世纪公园，西傍上海科技馆，北接世纪大道。周边有新区少年宫、新区图书馆、东方艺术中心、广场中心还建有地铁2号线车站，是一个集政治、文化、交通、旅游观光、休闲娱乐于一体的开放式广场，是一座都市花园。
超极电影世界 , 肇嘉浜路1111号美罗城5层 , 肇嘉浜路 1111号5楼
GameBling酒吧 , 汉口路266号申大厦20-21楼（近河南中路） , Game Bling位于新落成的申大厦最高两层楼面，坐拥上海360度瑰丽夜景，半露天顶楼的观景视野尤其开阔，将浦江两岸的地标建筑尽收眼底。超长曲线型吧台和华丽时尚的卡座设计彰显非凡品味，四间不同主题的尊贵KTV包房不但配备了最新最全的KTV流行曲目，还能接驳客人自带的iPod，你的音乐你作主！ 在Game Bling，前所未见的定制饮酒游戏必将让人眼界大开！无论是令人心跳加速的“刺激转盘”，还是考...
上海市浦东新区秋荷路33弄88号（原南公馆高尔夫球场） , 秋荷路33弄88号 , 
上海1st Class酒吧（头等舱酒吧） , 上海市番禺路390号 , 头等舱酒吧位于上海市番愚路，南靠上海影城和徐家汇商业中心，北依延安路。无论从文化商业氛围和交通方面，头等舱酒吧都占据着有利的位置。 酒吧分上下两层，中心部分上下通透。有舞池及豪华舒适的半包的开放式卡座，设计新颖的吧台和美丽的女郎都会让您有最舒心的体验。 狂热的音乐和动感十足的灯光达到了完美的结合，把您带入一种境界、一个互动的世界、一个您可以交流的小宇宙，请搭乘头等舱...... 发现新地带、体验新...
上海酷贝拉文化创意产业园 , 上海市徐汇区龙吴路118号 , 酷贝拉（上海）文化创意产业园位于上海市徐汇区龙吴路118号，正对地铁三号线龙漕路站，距8万人体育馆仅一站之遥，距徐家汇CBD仅3公里。上海文化创意产业园占地面积18600O，拥有超过200米的临街面。 项目辐射徐汇板块、长宁板块、卢湾板块、闵行板块、静安板块、黄浦板块、虹口板块等上海核心商务及住宅区。
上海喜玛拉雅美术馆 , 浦东新区芳甸路1188弄1号上海喜玛拉雅艺术中心3F , 【一个有态度的美术馆】上海喜玛拉雅美术馆由证大集团全资建立，前身为创建于2005年的上海证大现代艺术馆，是一个从事艺术展览、教育、收藏、研究、学术交流的民营公益艺术机构。从成立以来，始终以开放的姿态和前瞻性的视野，积极介入社会文化的建设，在当代的社会语境下探索美术馆的新模式，发掘新兴的艺术力量，不断与国际文化交流碰撞，连接传统与当代，尝试跨领域合作，打造具有中国文化精神的当代艺术。同时，着重发展公...
墨尔本体育馆 , 墨尔本体育馆 , 墨尔本体育馆
川沙影剧院 , 浦东新区川沙新镇新川路400号 , 浦东新区川沙新镇新川路400号
上海野生动物园 , 三灶镇 , 上海野生动物园由上海市政府和国家林业局合作建设的中国首座国家级野生动物园，占地面积153公顷，国家首批AAAA级旅游景点。 动物园采取西式建筑，仿效动物产地的自然环境建设而成。园内汇集来自世界各地具有代表性的动物和珍稀动物200余种、上万余头（只）。园内分步行区和车入区两大区域参观动物。
法兰桥创意园区 , 欧阳路196号 , 上海市虹口区欧阳路196号
上海影城2号厅 , 长宁区新华路160号番禺路口 , 上海影城座落在中国上海市长宁区新华路番禺路口。它是1991年上海市政府实事工程之一，是沪上首家五星级影院，并开创了中国多厅影院之先河，从1993年起至今连续被评为市级文明单位，曾获二十世纪九十年代上海十大新景点最佳设计奖，荣获建国五十周年上海经典建筑提名奖，作为历届上海国际电影节的主会场，上海影城是集电影放映、会议、餐饮、娱乐、书屋、广告、展览为一体的大型文化企业。2003年首度在国内尝试连锁经营...
浦东塘桥文化中心 , 蓝村路86号 , 浦东塘桥文化中心蓝村路86号
上海外滩22号 , 上海市中山东二路22号（近新永安路）地铁10号线豫园路站1号出口 , 地铁10号线豫园路站1号出口
上海红坊国际文化艺术社区 , 淮海西路570号 , 原本的“上钢十厂”，如今华丽转身，成为“上海城雕中心和创意园区”。如同所有的创意园一般，这里书店、酒吧、餐馆、live house、工作室一个都“不少”，新店与“老厂房”搭配正符合当下潮流，因此总能看见“大批文艺青年和摄影爱好者”。园中的雕塑也值得留意，泥塑的、钢雕的、木刻的、“姿态纷呈”，“创意无限”。天好的时候，不妨带上家人一起去逛逛吧。
松江体育馆 , 松江区荣乐中路九峰路路口，荣乐中路三号门 , 松江体育馆，松江区荣乐中路九峰路路口，荣乐中路三号门
静安嘉里百美汇4号厅 , 上海市静安区南京西路1551号 静安嘉里中心商场N4-01室 , PREMIERE百美汇影城是香港百老汇院线在上海打造的继百丽宫影城后的又一高端力作。PREMIERE 意思是“首演”或“第一”, 即第一次公开表演作品,而有幸参加观赏首演的观众，更有一份个人优越感。影院取名“PREMIERE”，就是希望顾客光临影院时那份优越感油然而生，因为PREMIERE在每一个细节上都能真正体现优美和精致，并塑造其品牌独有的优雅品味和个性。进入影院，顾客将立即感受到电影的奇幻魅...
上海火车头体育场 , 共和新路955号 , 上海火车头体育场（共和新路955号）
源深体育中心体育场 , 上海市浦东新区源深路655号 , 源深体育发展中心是浦东新区重大实事项目之一，它的雄姿屹立在浦东的中心地段，占地面积240亩，地理位置优越，交通便利。当前，中心在抓紧2万人体育场建设的同时，场馆开放贴近市民，贴近全民健身，受到市民广泛好评。中心设有羽毛球、乒乓球、篮球、网球、桌球、健身房、棋牌室、有氧操、成人芭蕾、武术散手等多种体育项目，并开设各相关项目的青少年、成年培训及成年人体质测试站。中心对外开放一年多来，已举办各类体育比赛...
崇明县崇明岛旁 , 崇明县崇明岛旁隆海路与永兴中路交叉口 , 地址：崇明县崇明岛旁隆海路与永兴中路交叉口
百丽宫ifc商场店1号厅 , 浦东新区世纪大道8号国金中心商场地下一层LG1-1(近银城中路) , 上海国金百丽宫影城是香港百老汇戏院旗下奢华品牌――香港中环IFC姊妹影院。 影院从设计理念、到装修乃至观众厅内观影效果全部都是影院界的精致之最。装修风格完全有别于传统影院，选择了西式酒店风格，并从灯光和色调上进行了完美的搭配，大堂环境宁静而优雅，感觉很舒适、惬意。进入观众厅后，人性化的装修风格会令观众体验到观影的无限乐趣。从观众厅的地灯开始，观众会发现台阶地灯上与下的不同的发光效果，给放映期间出入...
上海新世纪影城 , 浦东张杨路501号（第一八佰伴十楼） , 新世纪影城是上海影城出资兴建的第一家连锁影院（全国五星级多厅影院），总面积达3，655平方米，整体风格前卫时尚。新世纪影城拥有10个视听效果一流、环境舒适的放映厅，座位数总计1299个。数字电影、SDDS八声道环音立体声等国际先进放映技术一应俱全。其中，两个VIP放映厅采用了以人为本的“航空式”服务，成为上海影城“五星级服务”标准的一个新的亮点。
镭战大联盟 , 南外滩外马路1353号 , 南外滩外马路1353号
普陀区图书馆 , 铜川路1278号 , 普陀区图书馆 铜川路1278号
希仕会 , 外马路307号 , 外马路307号 希仕会
2015中国马术场地障碍俱乐部联赛 , 临港新城方竹路茉莉路口西侧 , 2015中国马术场地障碍俱乐部联赛CHINA Club Showjumping League,Shanghai Tournament地点：临港新城方竹路茉莉路口西侧
崇明县文化馆 , 崇明大道7887号 , 崇明县文化馆 崇明大道7887号
上海喜玛拉雅艺术中心 无极场 , 芳甸路1188弄1号 , 无极场 （上海喜玛拉雅艺术中心1F）上海市浦东新区芳甸路1188弄1号
上海有间美术馆 , 黄陂南路751号1号楼2层 , 上海市黄浦区黄陂南路751号1号楼2层
上海音乐学院 , 汾阳路20号 , 上海音乐学院是享誉国内外的著名音乐学府。它的前身是伟大的民主革命家、杰出的教育家、思想家蔡元培先生和音乐教育家萧友梅博士于1927年11月27日共同创办的国立音乐院。自1949年至1984年，著名作曲家、音乐理论家、音乐教育家贺绿汀长期担任院长（后为名誉院长），为学校的建设及发展作出了卓越的贡献。1984年后桑桐、江明教授先后任院长，现任院长为杨立青教授。一批国内外享有盛誉的知名教授及近年来崭露...
百丽宫ifc商场店 , 世纪大道8号国金中心商场地下一层LG1-1(近银城中路) , 上海国金百丽宫影城是香港百老汇戏院旗下奢华品牌――香港中环IFC姊妹影院。 影院从设计理念、到装修乃至观众厅内观影效果全部都是影院界的精致之最。装修风格完全有别于传统影院，选择了西式酒店风格，并从灯光和色调上进行了完美的搭配，大堂环境宁静而优雅，感觉很舒适、惬意。进入观众厅后，人性化的装修风格会令观众体验到观影的无限乐趣。从观众厅的地灯开始，观众会发现台阶地灯上与下的不同的发光效果，给放映期间出入...
上海世博洲际酒店 , 雪野路1188号 , 浦东新区雪野路1188号
龙美术馆（浦东馆） , 罗山路2255弄210号 , 关于龙美术馆龙美术馆是由中国收藏家刘益谦、王薇夫妇创办的私立美术馆，目前在上海浦东和徐汇滨江同时拥有两个大规模的场馆 龙美术馆（浦东馆）和龙美术馆（西岸馆），构成独特的“一城两馆”的艺术生态，是目前国内最具规模和收藏实力的私立美术馆。作为国际知名的艺术品收藏家，刘益谦、王薇的收藏涵盖中国传统艺术、现当代艺术、“红色经典”艺术，以及亚洲和欧美的当代艺术等各种门类，数量丰富，体系完备。龙美术馆以其私人...
上海美兰湖湖滨 , 罗芬路888号 , 上海市 最大的一个人工湖。美兰湖位置宝山区罗店镇，处于沪太路以东，美兰湖大道以北，罗芬路以西，美丹路以南，是上海市最大的人工湖。
赤脚狂奔大型真人主题密室体验中心 , 上海市闸北区万荣路700号大宁中心广场A5-204室 , 赤脚狂奔大型真人主题密室体验中心拥有近三千平米、十二个主题、超过五十个房间的真人密室逃脱游戏实体店，我们用引人入胜的主题故事与场景、身临其境的智能机械与系统、尊重体验的完整服务与形象，一同承载玩家们的每一次最优品质的真人密室逃脱计划。 自2013年1月开业以来，已经成为沪上密室爱好者的集中营。“赤脚狂奔”始终将玩家真实的感官视觉体验放在首位，“赤脚狂奔”团队不间断的研发并升级房间，在密室中植入最新...
星球影棚 , 上海市宝山区长江路258号（近军工路） 中成智谷创意产业园 , 星球影棚 上海市宝山区长江路258号（近军工路） 中成智谷创意产业园
上海金茂君悦酒店 , 上海市浦东区浦东大道88号 , 上海金茂君悦酒店，上海市浦东区浦东大道88号
宝山上影国际影城 , 宝山区永清路700号 宝山体育中心1楼 , 宝山区永清路700号 宝山体育中心1楼
兰生影剧院 , 淮海中路8号兰生大厦4层和5层 , 兰生影剧院前身是上海滩闻名遐迩的黄金大戏院（解放后更名为大众剧场），地处上海市商业文化中心，交通便捷，是目前国内最豪华、最高档的影剧院之一，也是淮海路上最大的影剧院。 兰生影剧院共有5个放映厅，744个座位，放映厅全部采用国际先进数码制式：DTS、SR.D及JBL环绕音响设备。电影的声音极其逼真，使观众能真正体验到现代电影的魅力。 1 4号放映厅：位于兰生大厦四楼，共有观众席359个，除了电影放映...
Riverside Sports Pitch , 鲁班路909号卢浦大桥浦西广场 , Riverside Sports Pitch上海市黄浦区鲁班路909号卢浦大桥浦西广场
芳汇广场 , 长寿路1118弄 , 长寿路1118弄
兰馨・悦立方 , 张杨路400号 , 兰馨・悦立方位于浦东新区张杨路400号，地处陆家嘴金融贸易区商业中心，毗邻八佰伴、上海湾、华润时代广场。 这是上海兰馨影业自主运营的小剧场。坐落于兰馨悦立方内，是一个新型的文化综合体：这里集电影放映、话剧表演、艺术展览、创意办公于一体
上海欢乐谷 , 位于上海松江区佘山林荫大道 , “动感、时尚、欢乐、梦幻”的大型主题公园――“上海欢乐谷”，于2009年8月16日正式开放，成为上海乃至全国规模最大、景色最美、科技含量最高的主题公园。 “上海欢乐谷”位于松江区佘山国家旅游度假区核心区域，占地90公顷，2005年开始投资建设，预期投资额40余亿元。“上海欢乐谷”也是上海市重点开发项目，将成为2010年上海世博会主题“城市，让生活更美好”的重要体验区。 上海欢乐谷将成为目前中国规模...
1933空中剧院 , 上海市溧阳路611号 , 1933空中剧院【Sky Theater】位于1933老场坊1号楼4楼，1933空中剧院拥有600平米的大型玻璃舞台，透明炫目，宛如置身于空中的舞台。这座位于北外滩的艺术剧院，正构架起一座属于上海创意园区的艺术桥梁。 1933老场坊初建于20世纪30年代，出自英国建筑设计大师之手，无梁楼盖的设计大胆创新，错落盘旋的廊道构建出奇妙的空间感，堪称建筑艺术与生产工艺完美结合的经典之作。独一无二的建筑风格...
上海南桥海上国际影城 , 奉贤区南桥镇百齐路288号百联南桥购物中心二期4楼 , 奉贤区南桥镇百齐路288号百联南桥购物中心二期4楼
中华艺术宫 , 上南路161号 , 中华艺术宫于2012年10月1日开馆。中华艺术宫是以收藏保管、学术研究、陈列展示、普及教育和对外交流为基本职能的艺术博物馆。它与上海当代艺术博物馆同为公益性、学术性的机构，收藏、展示和陈列反映中国近现代美术的起源与发展脉络的艺术珍品，代表中国艺术创作最高水平的艺术作品，并围绕近现代艺术组织学术研究、普及教育和国际交流等活动。 中华艺术宫选址2010年上海世博会中国馆，位于浦东新区上南路161号，毗...
上海喜玛拉雅大观舞台 前厅艺术空间 , 芳甸路1188号喜马拉雅中心3层 , 上海喜玛拉雅 大观舞台前厅艺术空间上海市芳甸路1188号喜马拉雅中心3层
上海滨海高尔夫球场 , 浦东南汇滨海 , 上海滨海高尔夫俱乐部为华东地区规模最大的高尔夫球会，于2000年开业，现有36洞球场包括18洞仙湖球场和2005年投入使用的18洞森林球场。仙湖球场设计由享誉世界高坛、连续五届获得英国高尔夫公开赛冠军的Peter Thomson先生主持。Thomson先生累积了在全球各地设计及改造超过150个球场的经验，为滨海设计完美的锦标级苏格兰Links风格球场。森林球场揉合了滨海地区的自然景观及原始地貌，天...
上海港国际客运中心国际邮轮码头 , 上海市虹口区太平路1号 , 上海港国际客运中心国际邮轮码头（上海市虹口区太平路1号）
同济大学四平路校区 , 杨浦区四平路1239号 , 杨浦区四平路1239号
上影世博国际影城 , 浦东新区世博大道1200号6楼（梅赛德斯奔驰文化中心） , 浦东新区世博大道1200号6楼（梅赛德斯奔驰文化中心）
静安嘉里百美汇2号厅 , 上海市静安区南京西路1551号 静安嘉里中心商场N4-01室 , PREMIERE百美汇影城是香港百老汇院线在上海打造的继百丽宫影城后的又一高端力作。PREMIERE 意思是“首演”或“第一”, 即第一次公开表演作品,而有幸参加观赏首演的观众，更有一份个人优越感。影院取名“PREMIERE”，就是希望顾客光临影院时那份优越感油然而生，因为PREMIERE在每一个细节上都能真正体现优美和精致，并塑造其品牌独有的优雅品味和个性。进入影院，顾客将立即感受到电影的奇幻魅...
茉莉花开摄影 , 徐汇区龙漕路200弄22号10号楼201室（靠近龙漕路地铁站） , 上海茉莉花开摄影有限公司 于2004年8月18日正式创立于上海，是沪上首家映画摄影公司。从创办至今，我们始终秉承将中国的唐韵之风，异域风情、民族特色表达的淋漓尽致。并结合现代视觉艺术手法来形成独特的摄影风格。我们的宗旨是越古典，越中国！立志做中国最好的古装摄影。 《茉莉花开》，寓意着一种对美好事物的向往和不卑不亢的精神。虽不是争芳夺艳，却是秀外慧中；虽不是争华夺宠，却是独树一帜。 公司自04年创立...
上海松江大学城体育场 , 上海松江新城区 , 上海松江地区的上海大学生体育场，属于上海松江大学城共享资源体育中心的一部分。
M18 , 中山东一路18号4楼，近南京东路 , 中山东一路18号4楼，近南京东路
上海南翔古猗园 , 上海南翔古猗园 , 上海南翔古猗园内
新江湾城SMP滑板公园 , 上海市新江湾城殷行路880号 , SMP滑板公园有3个赛区：碗槽、U型台和街区，每个都设有不同的难度阶梯。碗槽就是形状像碗一样的赛区。一般来说深1米到3米，最深可达5米。世界上有很多大型的碗槽，然而上海这个创新设计在于，两个碗槽中间设置有一个直径6米的360度的管道。通过这个独特的设计，使运动员获得加速，帮助他们完成在管道内360度旋转的动作。这是个非常难的动作，一直到2003年，才有一个叫BobBurnqurst的巴西人完成，目...
江湾体育馆 , 杨浦区国和路346号 , 江湾体育馆为全封闭的综合体育场馆，中心赛场面积达924平方米，可同时容纳约2100人观看及进行篮、排球等赛事或室内文艺演出。除了主要的比赛用场地外，综合体育馆还包含有更衣室、新闻媒体中心、贵宾室等配套辅助设施，更全方位地为客户提供各种类型的服务。 内场为1片标准篮球场地，也可进行专业的排球比赛。该场地还可划分为5片标准羽毛球场地。同时，馆内提供7张乒乓球比赛用桌、专业瑜伽操房等运动设施。 开放时间...
上海万达影城（五角场店）4号厅 , 上海市杨浦区国宾路58号五角场万达商业广场三层 , 万达电影院线是亚洲排名第一的院线，拥有现代高端连锁影城超过70家，银幕超过600块；2010年完成总收入17亿元，稳居中国第一的市场份额。万达电影以打造电影终端连锁服务品牌的核心竞争力为目标，“连锁经营能力、创新营销能力、服务品牌能力”是万达电影核心竞争力的三大基本要素。万达院线计划到2012年开业120家影城，拥有银幕1100块，年总收入35亿元，占全国20%以上的市场份额，成为排名全球前列的电...
上影华威电影城 , 上海市静安区南京西路2-68号新世界城11-12楼 , 上影华威影城位于新世界商城11、12楼，是目前上海最高的电影城，建筑面积达6600平方米。11楼作为影城配套的娱乐、餐饮设施，汇集了一批全球著名品牌。12楼主体为电影城，有6个精致小厅，座位总数280座，其中1个厅为贵宾厅。 上影华威影城是上影集团和华威影城有限公司强强联合，首次把国外的“城中城”投资影城方式引入大陆，按照五星级标准打造的一家迷你型多厅豪华电影院，兼有全球著名品牌加盟的集娱乐、餐饮...
小不点大视界亲子微剧场 , 上海市闸北区共和新路1878-2008号(近大宁路)大宁国际商业广场5座F3 , 上海市闸北区共和新路1878 2008号(近大宁路)大宁国际商业广场5座F3
静安嘉里百美汇1号厅 , 上海市静安区南京西路1551号 静安嘉里中心商场N4-01室 , PREMIERE百美汇影城是香港百老汇院线在上海打造的继百丽宫影城后的又一高端力作。PREMIERE 意思是“首演”或“第一”, 即第一次公开表演作品,而有幸参加观赏首演的观众，更有一份个人优越感。影院取名“PREMIERE”，就是希望顾客光临影院时那份优越感油然而生，因为PREMIERE在每一个细节上都能真正体现优美和精致，并塑造其品牌独有的优雅品味和个性。进入影院，顾客将立即感受到电影的奇幻魅...
赛琳娜号 宙斯大剧院 , 上海宝山码头地址：上海宝山区宝杨路1号。 , 赛琳娜号 宙斯大剧院；上海宝山码头地址：上海宝山区宝杨路1号。
金山石化工人影剧院 , 石化象州路198号 , 金山石化工人影剧院 石化象州路198号
华谊兄弟影院 , 普陀区大渡河路196号长风景畔广场5层 , 淮海中路8号（柳林路1号）兰生大厦5楼
逸夫舞台（天蟾剧场） , 上海市黄浦区福州路701号 , 逸夫舞台前身是天蟾舞台,逸夫舞台是上海历时最为长久、最具规模的京剧演出场所,她的前身名为天蟾舞台,曾有“远东第一大剧场”之誉。 天蟾舞台最早位于今九江路湖北路口（即华侨商店旧址），得名于1916年。在这之前还叫过新新舞台、醒舞台、竞舞台、迎仙新新舞台等名字。那是个上海城厢戏园林立、皮黄繁盛的年代，有名的剧场有天仙茶园、新舞台、丹桂第一台等。“天蟾”取神话月精蟾蜍折食月中桂枝的典故，蕴含有压倒丹桂第...
直升机旅游服务中心 , 耀龙路100号 , 直升机旅游服务中心 耀龙路100号
世纪友谊影城 , 沪闵路7250号友谊商城9楼 , 世纪友谊影城位于现代化购物中心友谊南方商城5楼，共有3个放映厅，681个座位，采用国际尖端的数码高保真环音系统、最先进的DTS、SRD数码立体声放映设备，逼真地还原音响效果，使人身临其境。其硬件设备都达到国际一流标准。观众在这里可以充分得到完美的视听享受。本影城将根据总公司以人为本的经营理念和人性化的管理模式，为全市观众提供最新、最佳的影片和最优的服务。
上海崇明岛 , 崇明岛地处长江口 , 崇明岛地处长江口，是中国第三大岛，被誉为“长江门户、东海瀛洲”，是世界上最大的河口冲积岛，世界上最大的沙岛。崇明岛成陆已有1300多年历史，现有面积为1041.21平方公里，海拔3.5米～4.5米。全岛地势平坦，土地肥沃，林木茂盛，物产富饶，是有名的鱼米之乡。
黄浦体育馆 , 上海市黄浦区山东中路311号（九江路口） , 本馆1997年8月改建竣工占地面积：4800平方米建筑面积：12000平方米投资额：改建投资2500万元容纳观众：3400人场地为710.6平方米，铺设四片羽毛球场，网架下檐至地板高度12米。设有音响系统，4台LS250空调机，双基色显示屏7.68米×2.3米，显时屏为2.3米×2.3米。灯光照度：1230LX 体育馆建筑外形呈城堡式，古朴壮观。内设有新闻中心、贵宾室、裁判员休息室、休息大厅。附设...
幸福码头4号楼 , 黄浦区中山南路1029号 , 幸福码头4号楼（黄浦区中山南路1029号）
洛杉矶好莱坞中国剧院 , 洛杉矶好莱坞中国剧院 , 1927年5月18日，在世界电影之都的好莱坞星光大道核心地带一家名为“中国剧院”的剧院正式开张，建筑风格中西合璧。与杜比大剧院相邻，举办多届奥斯卡颁奖礼。以剧院门前巨星留印闻名世界，成为旅游胜地。 这块水泥地上集中了全球最优秀的电影人的手印脚印签名，这些“印迹”代表着对世界电影和娱乐产业有杰出成就的人的最高荣誉和永恒纪念。被誉为“好莱坞最金贵的荣誉”
bubbly nation , 静安区海防路537号 , bubbly nation（静安区海防路537号）
中福会儿童艺术剧院 微剧场 , 上海市静安区华山路643号 , 中福会儿童艺术剧院 微剧场
创邑SPACE 源园区 , 上海市长宁区凯旋路613号（近延安西路） , 上海市长宁区凯旋路613号（近延安西路）
环艺电影城 , 上海市南京西路1038号梅龙镇广场十楼 , 环艺电影城，上海华丽、新颖的多院组合电影城于1999年2月14日正式开始了，这是总部设在香港的环艺电影城有限公司在大陆开设的第三家电影城。环艺电影城（“STUDIOCITYCINEMA”）坐落于上海豪华的多功能商场“梅龙镇广场”（南京西路1038号十楼）。环艺电影城将现代化、艺术性、娱乐性相结合的多厅影院潮流带入中国，让人有步入纽约或者洛山矶影院的错觉，影院的大堂装饰大胆而新颖，充分展现主体建筑的...
新衡山电影院 , 上海市衡山路838号 , 衡山电影院始建于1951年，是新中国诞生后上海新建的首家电影院，由上海第一任市长陈毅亲笔批建题名，几十年来以其别无二致的庭院式氛围，享有沪上唯一 “花园影院”的美誉，沉淀了浓厚的历史文化底蕴和海派怀旧情结。衡山电影院创建时总投资30万元，其中三分之一由周边银行、工厂和市民共同集资参股，可谓开国内影院建设的时代之风。2009年，为了更好地迎接世博，由上海电影集团和徐汇区光启文化产业投资发展公司共同斥...
《Mr.X Room Break》 长宁店 , 上海市长宁区定西路825号2楼 , 商户介绍：为选拔人才、拓展训练进行心理、智力、体力测试，而设立的Mr.x ，Mrx Room Break（密室）长宁店，为企业提供培训：组织教育、娱乐竞赛、提供娱乐场所，在线游戏，游戏中有大量高科技装置，除了玩家需要足够的智慧外，还要所有参与玩家的默契配合！除了揭开谜题的趣味性，所有的装置都将令玩家惊叹！Mr.x Room Break（密室）震撼登陆，2013版本升级正式启动，经典6大主题全线更新...
海上国际影城月星环球港店 , 普陀区中山北路3300号月星环球港四楼 , 普陀区中山北路3300号月星环球港四楼
上海同乐坊芷江梦工场 , 上海市余姚路34号3楼 , 上海芷江梦工场的落成和启用揭开了上海文化艺术新的一页。梦工场由日本设计师负责设计，于2005年动工兴建，2006年10月18日正式启用，是上海最新的咖啡剧场，为本地戏剧文化提供启创潜能发展才华的场所，更为广大市民提供多采多资的文娱节目。 上海芷江梦工场地处上海静安区同乐坊创意产业集聚区，以配合时尚与文化相结合的设计理念。梦工场一楼设有小话剧剧场，二楼为咖啡酒吧。让舞台与观众的距离不再遥远，更让观众...
上海波特曼丽嘉酒店 , 上海市南京西路1376号 , 上海波特曼丽嘉酒店[1]地处著名的南京路，是一家集零售、餐饮和娱乐于一体的综合性酒店。餐厅和酒廊包括Tables宴餐厅，夏苑中餐厅，帕兰朵意大利餐厅，丽嘉酒吧和大堂酒廊。上海波特曼丽嘉酒店的会议设施包括一个510平方米的宴会会议厅（内含160平方米的会议准备空间）、七个可容纳90人的会议厅。与酒店毗邻的上海商城中厅可举行800人的鸡尾酒会，能容纳991人的多功能剧院可举行多种表演和会议，曾举行过多...
下河迷仓 , 上海市龙漕路200弄100号三层 , 下河迷仓是上海民间实验戏剧排练、演出的集约场域，其前身为真汉咖啡剧场，目前免费为上海十多个民间剧社提供排练和演出场地。下河迷仓设有多个开放式艺术空间，没有门户之见，不防盗贼不看文凭，不分人种国籍，只问有心用心与否。
世博创意秀场 , 上海市黄浦区半淞园路498号（当代艺术博物馆旁） , 展会地点：世博创意秀场 展会地址：上海市黄浦区半淞园路498号（当代艺术博物馆旁）
四平电影院 , 上海市四平路901号 , 四平电影院属上海市特级电影院娱乐项:大厅有1200只座位,小厅有96只座位,录像放映厅有50只座位,另有地下室咖啡厅,卖品部,底楼和二楼都有电子游戏厅。改建后的四平电影院，共有3个放映厅，采用了当代最先进的电影技术设施和最时尚的多厅影城流行风格，不锈钢的立柱典雅庄重，米黄色的台阶温馨可人，厚厚的天蓝色羊毛地毯，点缀了无数颗耀眼的金星。甬道、穿堂的两侧，40多块宣传橱窗，各式美轮美奂的电影海报和明星...
上海万达影城（江桥）9号厅 , 上海市嘉定区江桥镇金沙江西路1075弄49号三楼 , 万达电影院线是亚洲排名第一的院线，拥有现代高端连锁影城超过70家，银幕超过600块；2010年完成总收入17亿元，稳居中国第一的市场份额。万达电影以打造电影终端连锁服务品牌的核心竞争力为目标，“连锁经营能力、创新营销能力、服务品牌能力”是万达电影核心竞争力的三大基本要素。万达院线计划到2012年开业120家影城，拥有银幕1100块，年总收入35亿元，占全国20%以上的市场份额，成为排名全球前列的电...
曹杨影城 , 兰溪路125号 , 曹杨影城坐落于上海西部兰溪路商业街，是在1959年建造的原曹杨影剧院基础上，于2002年推倒重建的，现已于2004年12月9日隆重开业。 新落成的曹杨影城，建筑面积达14000平方米，是集电影、商场、娱乐、餐饮于一体的综合性文化娱乐场所。曹杨影城由上海电影集团公司和曹杨影剧院联合投资，共有五个电影厅，878个座位，其中最大的厅500座，最小的厅是34座的豪华厅，座位可电动起卧。整个影城拥有最新的放...
杨浦大剧院（金橙剧院） , 杨浦区控江路1155号（近靖宇南路） , 杨浦大剧院 杨浦区控江路1155号（近靖宇南路）
上海和平影都 , 西藏中路290号(汉口路口) , 和平影都位于市中心人民广场，毗邻南京路步行街，是一家具有六十多年历史的沪上知名品牌影院，2003年底重建竣工开业。 新开业的和平影都，由上海大光明文化集团全资倾力打造，与来福士广场购物中心相邻相通，建筑面积5500平方米，有5个电影厅，973个座位，是一家集电影、餐饮、购物、休闲、观光为一体的文化娱乐休闲场所。和平影都定位时尚，主流观众多为都市白领和时尚年轻一族，现代的硬件设施和时尚化的服务成为上...
顾村公园 , 顾村镇沪太路4788号环岛路1号(近沪太路) , 顾村公园顾村公园位于宝山区顾村镇境内，北到沙浦，南至藻浜，并与外环线环北大道相邻，东抵沪太路，西达陈广路，规划总用地面积将达到434.5公顷，建成以后将成为本市最大的郊野公园，相当于三个世纪公园大小。公园是上海环城生态规划系统上的重要组成部分，是上海绿色生态核心之一，也是宝山区生态专项工程的主体工程。公园的建成将为市民提供一个休闲娱乐的场所，为宝山未来的社会、经济、文化、生态的和谐发展做出贡献，...
东方体育中心包厢 , 上海市浦东新区耀体路701号 , 上海东方体育中心，原名上海水上竞技中心，是上海在建的位于浦东新区的一个以水上项目为主的综合性体育场馆，位于黄浦江东、川杨河南、济阳路西以及规划路北侧，共包括一座1.5万人的主体育馆，5千人的游泳馆和5千人的室外跳水池。上海东方体育中心靠近世博园区，位于浦东黄浦江南延伸段的优越地段，包括综合体育馆、游泳馆、室外跳水池、新闻中心及停车场、公交站点等相关配套设施。项目总用地面积达34.75万平方米。
1788广场 , 上海市静安区南京西路1788号 , 上海市静安区南京西路1788号，地铁2号线7号线静安寺站1号口直达
上海植物园 , 上海市龙吴路1111号 , 位于龙吴路1111号，东界龙吴路，西靠龙川路，南临平福路，北沿张家塘港。全园面积八十余公顷。 上海植物园占地81.86公顷，前身是建于1954年的龙华苗圃，1978年4月正式对外开放，建园以来接待游客已达1000万人次，1996年被海外人士评为最喜爱的郊游地之一，2000年被评为新千年“六一”好去处。 上海植物园是集科学研究、科普教育、游览和生产功能为一体的专类园。园内设有盆景园、牡丹园、桂花园、...
风云电竞馆（原世博综艺大厅） , 上海市黄浦区鲁班路899号 , 上海风云电竞馆（简称“风云电竞馆”）是上海游戏风云文化传媒有限公司打造的全国乃至世界首个专业的电子竞技比赛场馆。场馆坐落于上海卢湾区浦西世博园区，鲁班路899号；场地宽阔，占地一万余平米，拥有两千余个可排布的观众席位，技术配置专业高端，是中国电子竞技爱好者比赛的重要胜地。
上海秦皇岛码头 , 秦皇岛路32号（靠近杨树浦路） , 秦皇岛路32号（靠近杨树浦路）
百丽宫ifc商场店4号厅 , 浦东新区世纪大道8号国金中心商场地下一层LG1-1(近银城中路) , 上海国金百丽宫影城是香港百老汇戏院旗下奢华品牌――香港中环IFC姊妹影院。 影院从设计理念、到装修乃至观众厅内观影效果全部都是影院界的精致之最。装修风格完全有别于传统影院，选择了西式酒店风格，并从灯光和色调上进行了完美的搭配，大堂环境宁静而优雅，感觉很舒适、惬意。进入观众厅后，人性化的装修风格会令观众体验到观影的无限乐趣。从观众厅的地灯开始，观众会发现台阶地灯上与下的不同的发光效果，给放映期间出入...
闸北区彭浦镇社区文化活动中心剧场 , 灵石路745号 , 闸北区彭浦镇社区文化活动中心剧场灵石路745号
上海万裕国际影城 天山路店 , 上海长宁区天山路900号汇金百货6楼(近娄山关路) , 万裕国际影城是一座设计风格独特，服务设施完善的现代化多厅时尚影院。影城引进先进的放映、音响设备及电子售票系统，采用国际先进的数码高保真环绕音响系统、其硬件设施都达到了国际一流标准。观众在这里可以得到完美的视听享受。影城里到处充满了欢乐的颜色，无论是鲜亮的橘色还是热烈的红色，都让人一进入影院即刻感到愉悦轻松。这是一个时尚人士的世界，电影尚未开场，就已让你进入状态，仿佛是参加一场神秘而快乐的派对。其温...
金海岸演艺大舞台 , 上海市控江路1155号（杨浦大剧院） , “金海岸演艺大舞台”是一种表演形式多元化，文化、娱乐、休闲多功能，介于传统剧场与歌舞娱乐场所之间，为大多数观众的欣赏能力和消费水平而量身打造的 “演艺娱乐”模式。演艺大舞台以为广大观众制造快乐、愉悦身心为宗旨，以传播快乐文化和丰富广大百姓休闲生活为目的。2002年起，公司在日益红火的杭州天水桥金海岸演艺大舞台基础上，以杭州为源头、以长三角为中心，在全国率先建立金海岸连锁演艺大舞台，并逐步向北拓展延...
FUSION SHANGHAI , 兴业路123号，新天地南里广场6号楼5F , 上海市兴业路123号，新天地南里广场6号楼5F
上海Ladybees蜂巢剧场 , 上海市茅台路179号金虹桥商场4楼 , 上海市茅台路179号金虹桥商场4楼Ladybees蜂巢剧场
上海国际新闻中心 , 上海市浦东大道2550号 , 位于寸土寸金的浦东陆家嘴金融贸易区的上海国际新闻中心坐落于巍然屹立的东方明珠广播电视塔下，与葱葱郁郁的浦东公园比邻相连，是集新闻发布、观光、会展、餐饮等于一体的综合性新闻中心。在地理上，新闻中心由东方明珠塔裙房向浦东公园伸展，东邻银城路，南接陆家嘴环岛，交通便捷，环境优美。新闻中心主体建筑的外装饰采用纯色的花岗石墙体，与电视塔塔座外墙浑然一体，敦实而粗犷的墙面和晶莹剔透的玻璃幕墙形成古典与现代的质...
证大朱家角艺术馆 , 上海市青浦区 朱家角镇北大街222号（淼趣楼） , 上海市青浦区 朱家角镇北大街222号（淼趣楼）
交通大学闵行校区综合体育馆 , 闵行区东川路800号上海交通大学(剑川路交大北一门) , 闵行区东川路800号上海交通大学(剑川路交大北一门)
静安创艺空间 , 康定路1147号C栋 , 静安创艺空间共由6栋分别建造于20年代、50年代和70年代的厂房组成，在保留工业时代元素并融合进现代建筑风格元素的前提下，留旧进新，形成了独特的工业时代怀旧风格创意园区。 静安创艺空间独有的工厂化的24小时办公特色，更是受到了不少设计类、广告类客户的青睐。 静安创艺空间地处于武宁南路康定路口，北临长寿路CBD中心，西临曹家渡商圈，南临静安寺商圈，地理位置十分优越，已建成的地铁二号线静安寺站仅一站之...
上海绿地万豪酒店 , 上海市黄浦区江滨路99号 , 上海绿地万豪酒店上海市黄浦区江滨路99号
putra indoor stadium , Jalan Barat , Bukit Jalil , 57000 Kuala Lumpur. Malaysia , Stadium Nasional Bukit Jalil(Stadium Putra Indoor)Jalan Barat , Bukit Jalil , 57000 Kuala Lumpur. Malaysia
大宁灵石公园 , 上海市闸北区广中西路288号 , 大宁灵石公园位于上海闸北区。东起共和新路，西至运城路，北临广中西路，南至宜川支路。公园总面积为68万平方米，总投资达9.6亿元，是上海浦西最大的公园。 大宁灵石公园由东、中、西三个部分组成，其设计新颖，布局合理。在以人为本的理念指导下，突出了以自然为主题的生态型园林格局，人与环境在这里得到了和谐的融合。大宁灵石公园的建成，将为闸北筑起一道绿色风景线，使上海市民多了一个休闲娱乐的好去处。 大宁灵石公...
上海杨浦中原城市广场艺展中心 , 国和路777号 , 上海市杨浦区国和路777号
上海佘山高尔夫俱乐部 , 上海佘山国家旅游度假区林荫新路288弄 , 上海佘山国际高尔夫俱乐部坐落在上海松江佘山国家旅游度假区，与佘山隔河相望，与月湖公园为邻，拥有白金五星级的私人高尔夫会所和上海唯一的纯私人会员制的球场。俱乐部总占地面积2200亩，其中1700亩为18洞72杆国际锦标级高尔夫球场，500亩用来建造意大利托斯卡纳风格的顶级别墅社区。高尔夫俱乐部服务项目： 18洞72杆国际锦标级高尔夫球场； 26道高尔夫练习场； 高尔夫会所：中西餐厅、红酒雪茄吧、多功...
上海梦魇惊悚魔幻屋 , 南苏州路1295号，近成都北路 , 上海梦魇惊悚魔幻屋是一个通往黑色魔域的神秘时空隧道：游客将步入各种奇异的主题场景，全方位感受与魔屋内鬼魅的零距离互动。场景内采用真人互动、机械、特殊灯光,音响效果及高科技以增添充满无穷乐趣的刺激体验。 上海梦魇由2009年创立以来，正以迅猛之势不断的成长。强劲的制作团队及与国际最紧密的交流使上海梦魇成为国内最专业、最具创意并最值得关注的鬼屋。上海梦魇的每一季会精心设计全新的惊悚主题，为上海梦魇的粉...
上海体育场包厢 , 上海市徐汇区天钥桥路666号 , 上海体育场采用了当今世界上诸多先进建筑成就的上海体育场造型新颖，反映出强烈的时代气息，被点缀在绿草如茵，繁花似锦的宽阔广场中，犹如绿叶烘托着一朵巨型的白玉兰花朵，成为上海新三年的标志性建筑，为世纪之交的上海增添新的风采。上海体育场拥有具有500个座位的主席台、300个座位的记者席和100套豪华包厢，可容纳5.6万名观众观看体育比赛以及4.3万名观众观看大型文艺演出。 1998年，上海体育场被评为“...
上海环球港四楼 , 普陀区中山北路3300号 , 上海环球港四楼演艺空间（普陀区中山北路3300号）
Kaiba 开巴生啤工作坊 , 上海市建国中路168号（近瑞金二路，田子坊） , Kaiba开巴生啤坊（田子坊店）， 老板是美国人，优秀的设计师，酒吧特殊室内设计以大量工业元素为特点，创新运用钢铁、齿轮、玻璃、原木等设计元素，融合后工业时代的时尚轻松感和维多利亚时期时期的艺术，营造出艺术与自由、华丽和颓废的醇和新感受。比利时进口生啤让你足不出户感受欧洲的浪漫气息！ 来小酌一杯...点上一份美味小吃...欣赏一下墙上的展示作品...每个月都有新花样哦~
沪东工人文化宫电影院 , 平凉路1500号 , 平凉路1500号
静安嘉里百美汇5号厅 , 上海市静安区南京西路1551号 静安嘉里中心商场N4-01室 , PREMIERE百美汇影城是香港百老汇院线在上海打造的继百丽宫影城后的又一高端力作。PREMIERE 意思是“首演”或“第一”, 即第一次公开表演作品,而有幸参加观赏首演的观众，更有一份个人优越感。影院取名“PREMIERE”，就是希望顾客光临影院时那份优越感油然而生，因为PREMIERE在每一个细节上都能真正体现优美和精致，并塑造其品牌独有的优雅品味和个性。进入影院，顾客将立即感受到电影的奇幻魅...
上海金茂君悦大酒店 , 上海浦东新区世纪大道88号 , 上海金茂君悦大酒店上海金茂君悦大酒店入口位于上海浦东陆家嘴地区金茂大厦的高层，有着世界著名的黄浦江的景色。业界艺术品的装修结合传统中国印象理解的活跃的和浪漫的上海的组合。 作为上海的首要的社会活动场所，弯曲状的7米长吧台，惊险刺激的风景，好音乐和一个游戏区域。有型的乐趣。 合适的加厚垫的椅子和低色调的灯光，钢琴吧有优雅的逝去岁月的氛围。Cloud 9的音效和87音级，将置你于酒店的极点之上。娱乐中...
喜玛拉雅海上国际影城 , 浦东新区芳甸路1188弄喜玛拉雅中心7楼 , 浦东新区芳甸路1188弄喜玛拉雅中心7楼
曲阳影都 , 上海市虹口区曲阳路570号 , 2005年4月1日，“联合大家庭”又将迎来第80位新成员――曲阳影都，联合院线的银幕总数增加到220块。曲阳影都地处曲阳路570号，毗邻家乐福、易买得、上海商务中心、爱思国际箱包中心等国际化商贸中心，占地6000多平方米，地上三层、地下两层，建筑面积12000多平方米，2003年9 月至2004年6月在曲阳文化馆的基础上，投资4000多万元改扩建而成。曲阳影都依托曲阳地区成熟的社区环境，向社会展示...
上海万达影城周浦店 , 上海市周浦镇年家浜路518号万达广场C座4楼 , 上海市周浦镇年家浜路518号万达广场C座4楼
梦想家（原飞行家主题园） , 上海浦东新区国展路311号 , 一双展示航空文化的巨翼，全国唯一以航空文化为传播核心，并外延辐射多个领域的航空文化推广平台，位于上海浦东新区国展路311号，原世博园区C05地块南侧，包含了原巴西馆、哥伦比亚馆、秘鲁馆、美国馆等世博场馆，占地面积近4万平方米。
上海名捷万丽酒店 , 普陀区铜川路50号 , 上海名捷万丽酒店（普陀区铜川路50号）
概念商场Novo上海月星店 , 中山北路3300号月星环球港2楼2001室 , 上海NOVO概念商场Novo上海月星店中山北路3300号月星环球港2楼2001室
上海银七星室内滑雪场 , 七莘路1835号（近顾戴路口） , 银七星室内滑雪场是目前亚洲最大规模的室内滑雪场，滑雪道长380米，宽80米，最大落差40米。共分为12度、15度、17度三段坡道。雪场内气温终年保持在零下2摄氏度，积雪厚达50厘米。雪场内配置了教练近60位，器械3000多件，服装近5000套，可以提供游客进行Ski、Snowboard、Snow Boat等项目的游玩。同时银七星室内滑雪场附设有餐厅、多功能会议厅、桑拿浴场、休息客房、购物商场等，并...
鼎新小馆 , 中兴路1055号 , [鼎新小馆]乃是上海秘制本帮菜系，海派私房菜，饕餮海鲜汇萃。充满现代感中国风的装修风格，在灯光的投射下，把食客与美食之间的氛围，联系的更紧密。记得带上吃货好友一起来享受美食。滋味尽在其中，回味亦是无穷！
上海萌物园 , 上海市浦东新区东大公路888号 , 上海市浦东新区东大公路888号
上海市马术运动管理中心 , 金山区金廊公路6300号 , 上海市马术运动管理中心（金山区金廊公路6300号）
华侨城大剧院 , 上海市松江区佘山林湖路888号欢乐谷金矿镇内 , 上海市松江区佘山林湖路888号欢乐谷金矿镇内
上海铁路文化宫 , 闸北区王家宅路164号(民德路王家宅路) , 闸北区王家宅路164号(民德路王家宅路)
季风书园（上海图书馆店） , 上海市徐汇区淮海中路1555号地铁十号线上海图书馆站站厅层 , 季风书园（上海图书馆店） 地址：上海市徐汇区淮海中路1555号地铁十号线上海图书馆站站厅层
JZ Latino露台 , 上海豫园万丽酒店22楼 , 上海豫园万丽酒店22楼
龙之梦影城 , 长宁路1018号龙之梦购物中心9楼 , 长宁路1018号龙之梦购物中心9楼
DNA FBi , 中山南路505弄老码头5号楼2楼 , 中山南路505弄老码头5号楼2楼
上海K11购物艺术中心 , 上海市黄浦区淮海中路300号 , K11是全球首个品牌率先把艺术・人文・自然三大核心元素融合，将艺术欣赏、人文体验、自然环保完美结合和互动，带出无限创意、自由及个性化的生活品牌，并为大众带来前所未有的感官体验。
南京东路步行街世纪广场 , 南京东路步行街世纪广场 , 南京东路步行街世纪广场
北外滩滨江国际客运中心 , 虹口区东大名路258号太平路路口 , 北外滩滨江国际客运中心虹口区东大名路258号太平路路口
上海星美正大影城 , 上海市浦东陆家嘴西路168号正大广场8楼 , 坐落于浦东正大广场的星美正大影城是国内首座埃及文化主题影城。置身于星美正大影城，宛如置身于浩瀚的埃及文化海洋之中. 影城7个现代化的放映厅能容纳1158位观众同时入场；除了具备五星级影城的DTS ES、SD R、SD等影音还原系统外，星美正大还独具预告片鉴赏区，各类精彩的新片预告都将在该区内循环播放，观众能对各种未上映的新片来个先睹为快。 在保证影片放映效果的同时，星美正大在放映厅内也安置了超宽超...
海上阿叔（黄浦店） , 黄浦区延安东路222号外滩中心B1楼(近江西中路) , 黄浦区 延安东路222号外滩中心B1楼(近江西中路)
凯宾斯基大酒店 , 陆家嘴环路1288号 , 凯宾斯基大酒店地址: 上海浦东新区，陆家嘴环路1288号
上海周浦花海公园 , 浦东新区周邓公路与申江南路交叉口东600米左右 , 周浦花海集成了目前世界上十大花海（普罗旺斯的薰衣草园、北海道花海、荷兰郁金香花海、保加利亚玫瑰谷、青海门源油菜花、印度向日葵园、台湾大溪花海农场、阿姆斯特丹雏菊花海、美国卡尔斯班花海、英国伍斯特郡贝德利镇罂粟花海）的精华
S.E.潮酷汇体验馆 , 卢湾区瞿溪路968号汇巧活广场B2层 , S.E.潮酷汇体验馆
上海金外滩宾馆 , 上海市黄浦区广东路525号 , 金外滩宾馆位于上海市中心繁华的商业区，紧邻中外闻名的外滩和南京路步行街，与生机盎然的浦东陆家嘴金融区隔江而望，是各类商务活动和休闲度假的理想选择。宾馆以国际性四星级酒店的设施和服务标准，迎来五湖四海的嘉宾，让繁忙的商务之行成为一段快乐的旅程，让轻松的休闲之旅成为一段美好的回忆。
DiningCube 暗房密室 , 共和新路1481号红墙创意园沿街商铺1座(洛川东路) , 闸北区共和新路1481号红墙创意园沿街商铺1座(洛川东路)
上海万达影城五角场店 , 上海市杨浦区国宾路58号三层 , 上海市杨浦区国宾路58号三层
创智环境剧场 , 淞沪路246号江湾体育场环廊14看台126单元 , 淞沪路246号江湾体育场环廊14看台126单元
SNH48星梦剧院 , 上海市虹口区东嘉兴路267号 , 中国大型女子偶像团体SNH48（www.snh48.com）的专属表演基地 SNH48星梦剧院，将2013年8月30日正式开业，承载少女偶像和粉丝们无尽期盼、希冀的梦想之船将式启航！SNH48星梦剧院系国内首个为偶像团体量身打造的综合性专属剧院，并有望成为中国新生代偶像文化的新地标。该剧院位于上海市虹口区国家音乐产业基地内，由三十年代上海滩首批影戏院之一原上海嘉兴影剧院整体改造而成，总投资逾人民币...
东华大学延安西路校区 , 长宁区延安西路1882号东华大学内 , 东华大学延安西路校区长宁区延安西路1882号东华大学内
iC运动空间 , 上海市浦东新区塘子泾路228号（近国展路） , 上海市浦东新区塘子泾路228号（近国展路）iC运动空间
世博大舞台 , 世博大道1700 , 世博大道1700
百联南桥购物中心一楼内广场 , 上海市奉贤区南桥镇百齐路588号 , 上海市奉贤区南桥镇百齐路588号
上海美术馆 , 上海市黄浦区南京西路325号 , 上海美术馆新馆座落于南京西路325号，建筑面积17326平方米。该建筑于1926年设计，1933年竣工，是旧上海士里洋场的跑马总会，解放后先后为上海博物馆、上海图书馆馆址。新馆扩建工程完整地保留了这幢英式建筑原有的新古典主义外观，根据美术馆地功能要求对其进行了改造。室内设计继承了欧式的传统语言，强调了明快的现代气息，以石材、木材、锻铁等天然材料、构筑起辉煌典雅、简约大方的艺术殿堂。当观众走进端庄的...
中环影城4号厅 , 上海市普陀区真光路1288号C区4楼 , 中环今典世纪影城座落于百联中环购物广场，该购物广场是由百联集团有限公司投资控股并运作经营的集购物、餐饮、休闲、娱乐为一体的超大型、现代化消费场所。她位于上海市普陀区，沪宁高速公路与真北路中环线交汇处西南侧，东临真北路中环线，西倚真光路，南与麦德龙和百安居毗邻，北靠曹安路和沪宁高速公路，并与梅川路欧亚商业休闲街相望，属于普陀区真北新兴商贸群和真光商业中心范围。中环今典世纪影城拥有4个厅，共1020个...
天山电影院 , 长宁区天山路888号 , 天山电影院――沪上西区知名影院，坐落在天山商业圈内，毗邻虹桥开发区。地理位置优越，交通便捷。地铁2号线延伸段正在紧张施工中。 2001年天山电影院与永乐股份有限公司联合对影院进行了全新的改造，使天山电影院一跃进入大型综合影城的行列。其营业大厅设计独特，红蓝相间的色彩大胆前卫，电影氛围浓烈却不张扬，内设7个专业电 影放映厅，全部采用精心设计的影院专业观摩椅，舒适惬意。4 7厅采用当今最先进的高起坡、...
上海巾帼园 , 上海天平路245号(徐家汇) , 上海巾帼园是上海市妇联直属单位，成立于1992年6月，位于上海天平路245号市妇联办公大楼右前侧。地处徐汇区商业区，交通便捷，环境优雅。大楼建筑面积10000平方米，主楼9层，裙房4层。江泽民总书记在任上海市长期间，亲自批准巾帼园立项；德高望重的邓大姐亲自为巾帼园题名；康克清大姐亲自审阅了巾帼园的效果图；已故的倪天增副市长亲自为巾帼园奠基，上海市的百万姐妹和许多热心妇女事业的企事业单位纷纷为巾帼园...
上海万达国际电影城 , 国宾路58号万达商业广场3楼 , 国宾路58号万达商业广场3楼
上海市虹口区四川北路65号 , 上海市虹口区四川北路65号 , 上海市虹口区四川北路65号
粒米Lifeismore Lounge Bar , 上海静安区常德路800号C3 102-104 近昌平路（800秀内，地铁七号线昌平路站2号出口） , 在这座城市，800秀是上海的，也是世界的； 于这个空间，品格在白天，绽放在深夜； 粒米只是，而且一定是在你平静或烦躁的时候， 可以坐下来，有吃有喝， 听听音乐，看看书， 见见朋友， 心安之所。
匚fount创意料理餐厅 , 上海徐汇区永嘉路570号永嘉庭5号楼1楼 , “Fount上海新日料”是上海首创日料欧风的高级日本料理，以时尚极简融以日本元素的设计概念，窗边竹林水景，演译上海现代日餐的时尚品味。由著名演员胡歌与其朋友投资运营，于2010年12月18日正式开张，开张当天，周立波、朱丹、高晓松、唐嫣等众多明星前来捧场。 匚fount餐厅是精致传统结合创新时尚概念，从前菜、生鱼片、蒸物、煮物、烤物、炸物到甜品，细腻的料理与口感为顶级食材更添品味，初开张已成为高端...
VS PUB , 外马路579号 , 全新装修的VS PUB将在2012年8月9日盛大开业。VS PUB坐落于浦江S形第一道湾口的“沃弗1846”内，是沪上唯一能零距离、全方位观赏浦江美景的顶尖时尚交友酒吧。酒吧总投资2千万元，以时尚欧美风格为设计理念，全场环绕LED电子屏，德国原装灯光音箱，大型升降舞台，每晚为您奉上美轮美奂的顶尖演出。VS PUB致力于打造全新夜店娱乐模式，推出1VS1交友概念，从此泡吧不用再组队前往。VS PUB...
世博纪念展馆 , 局门路735号 , 局门路735号，世博纪念展馆旁
老码头一号会所 , 上海中山南路479号老码头1号楼(近复兴东路) , 上海中山南路479号老码头1号楼(近复兴东路)
云艺术中心 , 宜山路407号3楼 , 云・艺术中心致力于呈现顶级的展览，发展多元化艺术活动，倡导艺术生活的新贵族时尚生活风潮。
戏剧学院实验剧场 , 上海市静安区华山路670号 , 上海戏剧学院实验剧院位于幽静的华山路上。剧院舞台为镜框式结构，高7米、宽12米、深36米。台前乐池可升降，配有宽敞的左右副台。剧院具有较先进的电脑灯光控制设备，音响设备和配有40根电动吊杆，具有放映电影的功能。观众厅有池座12个，边座98个，楼座397个。戏剧学院实验剧场是学院设备最完备的演出实习基地，学生的毕业演出和重大演出都在该处进行。同时，也是上海各种大型活动和国际性文艺交流演出的主要演出场...
大丸百货 , 南京东路228号大丸百货一楼中庭 , 南京东路228号大丸百货一楼中庭
上海环球港三楼 , 上海市普陀区中山北路3300号 , 上海市普陀区中山北路3300号
复兴公园 , 上海市卢湾区雁荡路105号 , 复兴公园占地面积8.89万平方米 ，1909年6月建成， 同年7月 开放， 定名顾家宅公园，当时仅限法国侨民出入，故俗称“法国公园” ；1944年改名为大兴公园；1946年改名为复兴公园。公园位于老城区，是上海最老的公园之一，也是目前我国唯一保存较完整的法式园林。初建时南北东西基本呈对称，后几经变迁，主要景点有；沉床花坛、玫瑰园、茶花、杜鹃花坛、马恩雕像广场等。复兴公园与著名商业街淮海路为邻，附近...
歌诗达邮轮赛琳娜号 , 吴淞口国际邮轮码头 , 歌诗达 赛琳娜号是歌诗达舰队中独具古罗马风格的邮轮，她以富丽恢弘的内饰设计和精致细节完美还原古罗马神话传说，为乘客们打造充满欧式浪漫氛围和深厚文化渊源的 “海上古罗马”之城。置身这座漂浮于海上的梦幻宫殿，邮轮的每一隅如同是对古罗马文明及欧式艺术的礼赞。 私密的Samsara水疗中心，甲板上多样的运动设施，刺激的水上滑道、动感的4D影院、F1赛车模拟驾驶器、辉宏的剧院、Disco歌舞厅等娱乐设施，可...
宝钢大舞台 , 世博园浦东园区，西邻卢浦大桥，北接黄浦江 , 宝钢大舞台位于世博园浦东园区，西邻卢浦大桥，北接黄浦江，东靠世博中心，南邻浦明路，由3000座的主演出区、500座的小演出区构成。在世博期间成为各国家馆馆日、各省市馆馆日等庆典的场所，各类群众性综艺演出的场所。在上海世博会期间，宝钢大舞台将成为最吸引眼球的场馆之一。位于世博会园区的浦东B片区内的上海世博宝钢大舞台，采用多种适宜技术手段对原有工业厂房进行更新改造，体现出对历史的传承和建筑的可持续理念...
上海文艺活动中心 , 延安西路200号（近乌鲁木齐路） , 上海文艺活动中心，1991年11月12日成立，经营范围包括家用电器，通信设备，日用百货，日用化学品，文教用品，照相器材，服装鞋帽，工艺美术品（除金银饰品），玩具，本经营场所内从事卷烟、雪茄烟的零售，酒类（不含散装酒），会场出租，会议及展览服务，广告经营（限批准范围），停车库经营等。
小顽家亲子剧场 , 遵义路100号虹桥南丰城南区M层小顽家亲子剧场 , 上海市长宁区遵义路100号虹桥南丰城南区M层小顽家亲子剧场
上海市国家会展中心洲际酒店 , 诸光路1700号，国家会展中心3号门 , 诸光路1700号，国家会展中心3号门
MAKAN , 漕溪北路45号2楼(徐家汇地铁站9号出口) , 漕溪北路45号2楼(徐家汇地铁站9号出口)
星梦域 , 闵行区芦恒路1398号 , 星梦域：闵行区芦恒路1398号
梦现场互动剧场 , 嘉定区博乐路70号现厂C栋3楼 , 梦现场互动剧场：嘉定区博乐路70号现厂C栋3楼
lola club , 徐汇区岳阳路46号 , 徐汇区岳阳路46号
艺仓美术馆 , 上海市浦东新区滨江大道4777号 , 上海市浦东新区滨江大道4777号
思南公馆会展中心 , 上海市黄浦区复兴中路505号 , 上海市黄浦区复兴中路505号
雍福会 , 永福路200号，靠近湖南路 , 雍福会位于永福路200号，靠近湖南路
上影广场 海上五号棚 , 上海市徐汇区漕溪北路595号 , 电影工厂，将通过互动操作和参与体验，参观者将了解电影制作的奥秘，亲身体验电影拍摄现场的气氛，了解特技制作、音效合成、动画片的创作，借助多样的互动与展示上海电影博物馆将成为上海城市文化的新地标。主楼一侧的五号棚，依照摄影棚原样重建，为广场提供了一个灵活的空间，世界cosplay大赛、SHOW场，电影交易会以及各种电影发布活动都将在这儿举行。
上海万国体育中心（原非洲联合馆） , 世博园博城路69号(原非洲联合馆) , 万国体育中心位于上海浦东新区世博园，总面积达35,000平方米，拥有以V3(击剑、游泳、自行车)为核心，包括舞蹈、篮球、瑜伽、健身、羽毛球等多种体育项目，以及美甲、插花、咖啡厅、餐厅、体育用品超市等生活服务配套，是国内第一家面向全民健身的多功能、现代化体育综合体。
上海大戏院 , 上海市静安区复兴中路1186号 , 上海大戏院位于上海市静安区复兴中路1186号。
立秀宝儿童职业体验馆 , 殷行路1286号悠方购物公园2楼 , 
上海虹桥南丰城 , 遵义路100号 , 坐落于遵义路商业板块的虹桥南丰城，是集时尚购物、商务休闲、生活娱乐于一体的一站式城市生活新地标。
上海国际音乐村 , 上海市浦东新区申迪东路399弄188号光明生态园内 , 上海国际音乐村位于上海市浦东新区申迪东路399弄188号光明生态园内。
先生的茶馆 , 徐汇区漕宝路68号光大会展中心一楼 , 
南丰城剧场 , 长宁区遵义路100号，南丰城商场南区M层 , 
linx , 淮海中路98号金钟广场 , 
国家会展中心（上海）北广场 , 盈港东路158号 , 
莫斯利安香草园 , 申迪东路399弄187号 , 上海国际旅游度假区香草园位于上海国际旅游度假区的核心区内，毗邻迪士尼星愿公园和奕欧来上海购物村，距上海迪士尼乐园15分钟步行距离。
上海瑞可碧橄榄球运动俱乐部 , 浦东新区张杨北路2700号(近地铁6号线五洲大道站) , 
静安区文化馆 , 乌鲁木齐北路459号静安区文化馆3号1楼 , 
XSPACE , 上海静安区江宁路77号3F（恒隆广场对面） , 
漕河泾开发区A7会议中心 , 古美路1528号 , 
百联世纪购物中心 , 世纪大道1217号 , 百联世纪购物中心地处上海浦东陆家嘴金融中心，位于世纪大道1217号，紧邻世纪大道地铁站。
上海市嘉定体育新馆 , 新成路138号 , 
林肯爵士乐上海中心 , 南京东路139号4层（近江西中路） , 
三林世博文化中心（三林影剧院） , 杨新路61号（近上南路） , 
飞氧星球 , 龙华中路759号绿地缤纷城西区2楼 , 
上海长城假日酒店3楼-远近堂 , 天目西路285号 , 
百乐门LIVE , 上海静安区愚园路218号百乐门2层 , 
家家乐梦幻乐园 , 安浦路615号B1 , 
上海嘉北郊野公园 , 上海市嘉定区嘉安公路近嘉松北路 , 
爱琴海购物公园 , 吴中路1588号 , 
浦东新区临港新城滴水湖西岛 , 申港大道--环湖西一路（滴水湖西岛） , 
有营house , 上海市静安区北京西路1013号尚演谷7F , 
麦金侬酒店 , 北京西路1013号(近江宁路) , 
上海世博园赛车场 , 海市浦东新区雪野二路350号 , 
上海申亚森林营地 , 金汇镇明星村1103号 , 
世博谷 , 世博大道1368号世博源1-5区 , 
龙湖上海宝山天街 , 丹霞山路50弄1号 , 
Sunland Green 森兰绿地 , 启帆路628号（近张杨北路） , 
迪美购物中心 , 人民大道221号B1迪美购物中心 方里市集 （风云再起对面） , 
长宁来福士钟楼 , 上海市长宁区长宁路1193号 , 
红星美凯龙・爱巢剧场 , 上海市浦东新区金藏路58号红星美凯龙家居艺术设计博览中心F7 , 
杨浦滨江 , 宁国南路77号 , 
绿地缤纷城 , 东安路562号 , 
